rgl_link,rgl_link/_text,rgl_link/_title,rgl_link_numbers,rgi_image,rgi_image/_alt,ilmn_value,ilmn_value_numbers,meta_description,meta_description_dates
"/imgres?imgurl=http://ichef-1.bbci.co.uk/news/660/cpsprodpb/FFBA/production/_83766456_83766455.jpg&imgrefurl=http://www.bbc.com/news/world-middle-east-33216305&h=371&w=660&tbnid=4sDtV-V8xJ0vdM:&docid=VXat--RkTn5TlM&ei=JSrwVtjgA8rr-QHi45OYCA&tbm=isch","660 × 371 - bbc.com","","660; 371","https://encrypted-tbn1.gstatic.com/images?q=tbn:ANd9GcRSx9PHWz2EQPOmQ0NBX-eUeryei__QpkEESlPl5dvLpARTxskA","Image result for palmyra","660 × 371 - bbc.com","660; 371","{""id"":""4sDtV-V8xJ0vdM:"",""isu"":""bbc.com"",""ity"":""jpg"",""oh"":371,""ou"":""http://ichef-1.bbci.co.uk/news/660/cpsprodpb/FFBA/production/_83766456_83766455.jpg"",""ow"":660,""pt"":""Islamic State crisis: \u0026#39;Mines planted in Syria\u0026#39;s Palmyra\u0026#39; - BBC News"",""rid"":""VXat--RkTn5TlM"",""ru"":""http://www.bbc.com/news/world-middle-east-33216305"",""s"":""Image caption Earlier this month images surfaced online purporting to show the IS flag flying over Palmyra"",""th"":168,""tu"":""https://encrypted-tbn1.gstatic.com/images?q\u003dtbn:ANd9GcRSx9PHWz2EQPOmQ0NBX-eUeryei__QpkEESlPl5dvLpARTxskA"",""tw"":300}",""
"/imgres?imgurl=http://whc.unesco.org/uploads/thumbs/site_0023_0058-750-0-20151104161901.jpg&imgrefurl=http://whc.unesco.org/en/list/23&h=498&w=750&tbnid=DIRSzGJCsxyOFM:&docid=Kg40a8_z0UYB0M&ei=JSrwVtjgA8rr-QHi45OYCA&tbm=isch","750 × 498 - whc.unesco.org","","750; 498","https://encrypted-tbn2.gstatic.com/images?q=tbn:ANd9GcTSCNgwB8N57MnDXyP5f26d0XlkZUQULNshsWGTCV22Sd51UuHaWw","Image result for palmyra","750 × 498 - whc.unesco.org","750; 498","{""cl"":3,""id"":""DIRSzGJCsxyOFM:"",""isu"":""whc.unesco.org"",""ity"":""jpg"",""oh"":498,""ou"":""http://whc.unesco.org/uploads/thumbs/site_0023_0058-750-0-20151104161901.jpg"",""ow"":750,""pt"":""Site of Palmyra - UNESCO World Heritage Centre"",""rid"":""Kg40a8_z0UYB0M"",""ru"":""http://whc.unesco.org/en/list/23"",""s"":""Site of Palmyra (Syrian Arab Republic) © Silvan Rehfeld"",""th"":183,""tu"":""https://encrypted-tbn2.gstatic.com/images?q\u003dtbn:ANd9GcTSCNgwB8N57MnDXyP5f26d0XlkZUQULNshsWGTCV22Sd51UuHaWw"",""tw"":276}",""
"/imgres?imgurl=http://www.nybooks.com/wp-content/uploads/2015/05/Palmyra-triumphal-arch.jpg&imgrefurl=http://www.nybooks.com/daily/2015/05/25/palmyra-isis-arab-tragedy/&h=624&w=940&tbnid=qUhGEdEyMsYNrM:&docid=12xuJ5aynjywxM&ei=JSrwVtjgA8rr-QHi45OYCA&tbm=isch","940 × 624 - nybooks.com","","940; 624","https://encrypted-tbn2.gstatic.com/images?q=tbn:ANd9GcRVTrTUyFXh46CMRh346Ak4ndGQF3-A79Lpbb7LP4Kz89JLjBuIXA","Image result for palmyra","940 × 624 - nybooks.com","940; 624","{""ct"":3,""id"":""qUhGEdEyMsYNrM:"",""isu"":""nybooks.com"",""ity"":""jpg"",""oh"":624,""ou"":""http://www.nybooks.com/wp-content/uploads/2015/05/Palmyra-triumphal-arch.jpg"",""ow"":940,""pt"":""The Venice of the Sands in Peril by G.W. Bowersock | NYR Daily ..."",""rid"":""12xuJ5aynjywxM"",""ru"":""http://www.nybooks.com/daily/2015/05/25/palmyra-isis-arab-tragedy/"",""s"":""Palmyra triumphal arch.jpg"",""th"":183,""tu"":""https://encrypted-tbn2.gstatic.com/images?q\u003dtbn:ANd9GcRVTrTUyFXh46CMRh346Ak4ndGQF3-A79Lpbb7LP4Kz89JLjBuIXA"",""tw"":276}","1432512000000"
"/imgres?imgurl=http://s1.ibtimes.com/sites/www.ibtimes.com/files/styles/v2_article_large/public/2015/05/16/palmyra.jpg&imgrefurl=http://www.ibtimes.com/isis-seizes-palmyra-launches-prison-break-ancient-syrian-unesco-site-islamic-state-1932194&h=495&w=740&tbnid=ku38zEymYDhDvM:&docid=qBPfN5VaKvnJhM&ei=JSrwVtjgA8rr-QHi45OYCA&tbm=isch","740 × 495 - ibtimes.com","","740; 495","https://encrypted-tbn0.gstatic.com/images?q=tbn:ANd9GcTB5jmpMF4Ws2BJjeA0wJUluOXs-msW2tyixKHsFjWtjJ3kp9hf","Image result for palmyra","740 × 495 - ibtimes.com","740; 495","{""cb"":12,""ct"":9,""id"":""ku38zEymYDhDvM:"",""isu"":""ibtimes.com"",""ity"":""jpg"",""oh"":495,""ou"":""http://s1.ibtimes.com/sites/www.ibtimes.com/files/styles/v2_article_large/public/2015/05/16/palmyra.jpg"",""ow"":740,""pt"":""ISIS Seizes Palmyra, Launches Prison Break At Ancient Syrian ..."",""rid"":""qBPfN5VaKvnJhM"",""ru"":""http://www.ibtimes.com/isis-seizes-palmyra-launches-prison-break-ancient-syrian-unesco-site-islamic-state-1932194"",""s"":""ISIS Seizes Palmyra, Launches Prison Break At Ancient Syrian UNESCO Site; Islamic State Group Took Control Of Key City Of Ramadi Days Ago"",""th"":184,""tu"":""https://encrypted-tbn0.gstatic.com/images?q\u003dtbn:ANd9GcTB5jmpMF4Ws2BJjeA0wJUluOXs-msW2tyixKHsFjWtjJ3kp9hf"",""tw"":275}","1431734400000"
"/imgres?imgurl=http://www.aljazeera.com/mritems/Images/2015/7/3/11fde91abd394612b927e363b49d4d59_18.jpg&imgrefurl=http://www.aljazeera.com/news/2015/08/isil-blows-part-bel-temple-syria-palmyra-150830195420900.html&h=562&w=999&tbnid=UzPq6DzczPtI_M:&docid=YbweXCaDc-kriM&ei=JSrwVtjgA8rr-QHi45OYCA&tbm=isch","999 × 562 - aljazeera.com","","999; 562","https://encrypted-tbn2.gstatic.com/images?q=tbn:ANd9GcQ-feZFlsEauIq-ggpWGxn2-Z4pIRbveznHfT_wyHyAV5uOKYILaw","Image result for palmyra","999 × 562 - aljazeera.com","999; 562","{""cr"":15,""id"":""UzPq6DzczPtI_M:"",""isu"":""aljazeera.com"",""ity"":""jpg"",""oh"":562,""ou"":""http://www.aljazeera.com/mritems/Images/2015/7/3/11fde91abd394612b927e363b49d4d59_18.jpg"",""ow"":999,""pt"":""ISIL blows up part of main temple in Syria\u0026#39;s Palmyra - Al Jazeera ..."",""rid"":""YbweXCaDc-kriM"",""ru"":""http://www.aljazeera.com/news/2015/08/isil-blows-part-bel-temple-syria-palmyra-150830195420900.html"",""s"":""ISIL has released video of their fighters destroying artefacts in Iraq and Syria"",""th"":168,""tu"":""https://encrypted-tbn2.gstatic.com/images?q\u003dtbn:ANd9GcQ-feZFlsEauIq-ggpWGxn2-Z4pIRbveznHfT_wyHyAV5uOKYILaw"",""tw"":299}","1435881600000"
"/imgres?imgurl=https://upload.wikimedia.org/wikipedia/commons/a/a8/Bassel-bel-3.jpg&imgrefurl=https://en.wikipedia.org/wiki/Palmyra&h=742&w=990&tbnid=jhvec7pjCk_hRM:&docid=CZHBD4_Xve_7pM&ei=JSrwVtjgA8rr-QHi45OYCA&tbm=isch","990 × 742 - en.wikipedia.org","","990; 742","https://encrypted-tbn2.gstatic.com/images?q=tbn:ANd9GcS7eNJGuN5cq4TDaaVRULdnHN47zETTGWBLD-NIYXQt71L-xaPn","Image result for palmyra","990 × 742 - en.wikipedia.org","990; 742","{""cb"":6,""cr"":3,""ct"":6,""id"":""jhvec7pjCk_hRM:"",""isu"":""en.wikipedia.org"",""ity"":""jpg"",""oh"":742,""ou"":""https://upload.wikimedia.org/wikipedia/commons/a/a8/Bassel-bel-3.jpg"",""ow"":990,""pt"":""Palmyra - Wikipedia, the free encyclopedia"",""rid"":""CZHBD4_Xve_7pM"",""ru"":""https://en.wikipedia.org/wiki/Palmyra"",""s"":"""",""th"":194,""tu"":""https://encrypted-tbn2.gstatic.com/images?q\u003dtbn:ANd9GcS7eNJGuN5cq4TDaaVRULdnHN47zETTGWBLD-NIYXQt71L-xaPn"",""tw"":259}",""
"/imgres?imgurl=http://static01.nyt.com/images/2015/10/06/world/06PALMYRA-SUB/06PALMYRA-SUB-master675.jpg&imgrefurl=http://www.nytimes.com/2015/10/06/world/middleeast/isis-syria-arch-triumph-palmyra.html&h=450&w=675&tbnid=mHkBGQSc_vhiBM:&docid=wgMkrEkkpQ0LhM&ei=JSrwVtjgA8rr-QHi45OYCA&tbm=isch","675 × 450 - nytimes.com","","675; 450","https://encrypted-tbn1.gstatic.com/images?q=tbn:ANd9GcSHwYnv-L00wOpBTaB0jveUCsP9CVYSyuIlm8xocGyTMSY6NfO4PA","Image result for palmyra","675 × 450 - nytimes.com","675; 450","{""ct"":9,""id"":""mHkBGQSc_vhiBM:"",""isu"":""nytimes.com"",""ity"":""jpg"",""oh"":450,""ou"":""http://static01.nyt.com/images/2015/10/06/world/06PALMYRA-SUB/06PALMYRA-SUB-master675.jpg"",""ow"":675,""pt"":""ISIS Destroys Triumphal Arches in Palmyra, Syria - The New York Times"",""rid"":""wgMkrEkkpQ0LhM"",""ru"":""http://www.nytimes.com/2015/10/06/world/middleeast/isis-syria-arch-triumph-palmyra.html"",""s"":""The triple arch in Palmyra was built by Romans in the second century to celebrate a victory over Persians. Credit Joseph Eid/Agence France-Presse \u2014 Getty ..."",""th"":183,""tu"":""https://encrypted-tbn1.gstatic.com/images?q\u003dtbn:ANd9GcSHwYnv-L00wOpBTaB0jveUCsP9CVYSyuIlm8xocGyTMSY6NfO4PA"",""tw"":275}","1444089600000; 1444089600000"
"/imgres?imgurl=https://upload.wikimedia.org/wikipedia/commons/thumb/c/c1/Palmyra_03.jpg/290px-Palmyra_03.jpg&imgrefurl=https://en.wikipedia.org/wiki/Palmyra&h=196&w=290&tbnid=83hFxlNrnhl6zM:&docid=CZHBD4_Xve_7pM&ei=JSrwVtjgA8rr-QHi45OYCA&tbm=isch","290 × 196 - en.wikipedia.org","","290; 196","https://encrypted-tbn1.gstatic.com/images?q=tbn:ANd9GcQ1jYSagWpvxTo0HGiQXWsrBaVk-VG5TXAMdEXwENKEUBxsY95Z","Image result for palmyra","290 × 196 - en.wikipedia.org","290; 196","{""ct"":15,""id"":""83hFxlNrnhl6zM:"",""isu"":""en.wikipedia.org"",""ity"":""jpg"",""oh"":196,""ou"":""https://upload.wikimedia.org/wikipedia/commons/thumb/c/c1/Palmyra_03.jpg/290px-Palmyra_03.jpg"",""ow"":290,""pt"":""Palmyra - Wikipedia, the free encyclopedia"",""rid"":""CZHBD4_Xve_7pM"",""ru"":""https://en.wikipedia.org/wiki/Palmyra"",""s"":""Ruins of Palmyra"",""th"":156,""tu"":""https://encrypted-tbn1.gstatic.com/images?q\u003dtbn:ANd9GcQ1jYSagWpvxTo0HGiQXWsrBaVk-VG5TXAMdEXwENKEUBxsY95Z"",""tw"":232}",""
"/imgres?imgurl=http://i.telegraph.co.uk/multimedia/archive/03303/Palmyra_3303917n.jpg&imgrefurl=http://www.telegraph.co.uk/news/worldnews/islamic-state/11611500/We-must-save-Palmyra-or-the-maniacs-will-raze-civilisation.html&h=337&w=540&tbnid=_FtTp1ZlmkFi2M:&docid=o2CgbjdpSEF9JM&ei=JSrwVtjgA8rr-QHi45OYCA&tbm=isch","540 × 337 - telegraph.co.uk","","540; 337","https://encrypted-tbn3.gstatic.com/images?q=tbn:ANd9GcR70uie7qpfShz38p5odwKe8R3N3QCCFZ1WH7jK30JJIDVUBF-9HA","Image result for palmyra","540 × 337 - telegraph.co.uk","540; 337","{""id"":""_FtTp1ZlmkFi2M:"",""isu"":""telegraph.co.uk"",""ity"":""jpg"",""oh"":337,""ou"":""http://i.telegraph.co.uk/multimedia/archive/03303/Palmyra_3303917n.jpg"",""ow"":540,""pt"":""Boris Johnson: Save Palmyra or the Islamic State maniacs will raze ..."",""rid"":""o2CgbjdpSEF9JM"",""ru"":""http://www.telegraph.co.uk/news/worldnews/islamic-state/11611500/We-must-save-Palmyra-or-the-maniacs-will-raze-civilisation.html"",""s"":""Palmyra lies 215 kilometres northeast of Damascus (AP)"",""th"":177,""tu"":""https://encrypted-tbn3.gstatic.com/images?q\u003dtbn:ANd9GcR70uie7qpfShz38p5odwKe8R3N3QCCFZ1WH7jK30JJIDVUBF-9HA"",""tw"":284}",""
"/imgres?imgurl=https://d.ibtimes.co.uk/en/full/1439704/palmyra-isis-syria.jpg&imgrefurl=http://www.ibtimes.co.uk/palmyra-isis-enters-archaeological-site-more-50-syria-now-controlled-by-jihadists-1502296&h=787&w=1180&tbnid=G6cLqOEa7XUdYM:&docid=xG6qaCG7P-lxVM&ei=JSrwVtjgA8rr-QHi45OYCA&tbm=isch","1180 × 787 - ibtimes.co.uk","","1180; 787","https://encrypted-tbn3.gstatic.com/images?q=tbn:ANd9GcTIn6vmd7PzNbFlZvLnXh8fetKeNG67flsEs8Atu_hRthW1BuleJA","Image result for palmyra","1180 × 787 - ibtimes.co.uk","1180; 787","{""id"":""G6cLqOEa7XUdYM:"",""isu"":""ibtimes.co.uk"",""ity"":""jpg"",""oh"":787,""ou"":""https://d.ibtimes.co.uk/en/full/1439704/palmyra-isis-syria.jpg"",""ow"":1180,""pt"":""Palmyra: Isis captures archaeological treasure as 50% of Syria now ..."",""rid"":""xG6qaCG7P-lxVM"",""ru"":""http://www.ibtimes.co.uk/palmyra-isis-enters-archaeological-site-more-50-syria-now-controlled-by-jihadists-1502296"",""s"":""Palmyra: Isis captures archaeological treasure as 50% of Syria now controlled by jihadists"",""th"":183,""tu"":""https://encrypted-tbn3.gstatic.com/images?q\u003dtbn:ANd9GcTIn6vmd7PzNbFlZvLnXh8fetKeNG67flsEs8Atu_hRthW1BuleJA"",""tw"":275}",""
"/imgres?imgurl=http://guysibilla.com/wp-content/uploads/2015/05/NPR-Palmyra.jpg&imgrefurl=http://guysibilla.com/?m%3D201505&h=2848&w=4288&tbnid=bhJ7IeSl7NocTM:&docid=6Ozb774957driM&ei=JSrwVtjgA8rr-QHi45OYCA&tbm=isch","4288 × 2848 - guysibilla.com","","4288; 2848","https://encrypted-tbn3.gstatic.com/images?q=tbn:ANd9GcRaECFAcZbBouhCh2VNaW9H5fsMt0skimECB3MBJL2QVZIhGjVI","Image result for palmyra","4288 × 2848 - guysibilla.com","4288; 2848","{""id"":""bhJ7IeSl7NocTM:"",""isu"":""guysibilla.com"",""ity"":""jpg"",""oh"":2848,""ou"":""http://guysibilla.com/wp-content/uploads/2015/05/NPR-Palmyra.jpg"",""ow"":4288,""pt"":""May | 2015 | Guy Murashige Sibilla"",""rid"":""6Ozb774957driM"",""ru"":""http://guysibilla.com/?m\u003d201505"",""s"":""NPR Palmyra"",""th"":183,""tu"":""https://encrypted-tbn3.gstatic.com/images?q\u003dtbn:ANd9GcRaECFAcZbBouhCh2VNaW9H5fsMt0skimECB3MBJL2QVZIhGjVI"",""tw"":276}",""
"/imgres?imgurl=http://news.nationalgeographic.com/content/dam/news/2015/05/16/palmyra/01palmyra.adapt.768.1.jpg&imgrefurl=http://news.nationalgeographic.com/2015/05/150516-syria-palmyra-islamic-state-ISIS-ISIL-ancient-Rome-destruction-world-heritage-archaeology/&h=511&w=768&tbnid=c9PII9Am4uSIMM:&docid=I6tgQZ-OTnKTFM&ei=JSrwVtjgA8rr-QHi45OYCA&tbm=isch","768 × 511 - news.nationalgeographic.com","","768; 511","https://encrypted-tbn0.gstatic.com/images?q=tbn:ANd9GcSXazkFLnS64cD7YkcM9tyINBh3HDG8Q4KJCHwNgKQdAv15c5tJ","Image result for palmyra","768 × 511 - news.nationalgeographic.com","768; 511","{""cb"":6,""id"":""c9PII9Am4uSIMM:"",""isu"":""news.nationalgeographic.com"",""ity"":""jpg"",""oh"":511,""ou"":""http://news.nationalgeographic.com/content/dam/news/2015/05/16/palmyra/01palmyra.adapt.768.1.jpg"",""ow"":768,""pt"":""Ancient City Defied Rome, Now Faces Threat of Islamic State"",""rid"":""I6tgQZ-OTnKTFM"",""ru"":""http://news.nationalgeographic.com/2015/05/150516-syria-palmyra-islamic-state-ISIS-ISIL-ancient-Rome-destruction-world-heritage-archaeology/"",""s"":"""",""th"":183,""tu"":""https://encrypted-tbn0.gstatic.com/images?q\u003dtbn:ANd9GcSXazkFLnS64cD7YkcM9tyINBh3HDG8Q4KJCHwNgKQdAv15c5tJ"",""tw"":275}","1431734400000; 1431648000000"
"/imgres?imgurl=https://i.ytimg.com/vi/n96N_F2XHsg/maxresdefault.jpg&imgrefurl=https://www.youtube.com/watch?v%3Dn96N_F2XHsg&h=1080&w=1920&tbnid=vZXJO9sepi8InM:&docid=Ar4feIsW2hpNyM&ei=JSrwVtjgA8rr-QHi45OYCA&tbm=isch","1920 × 1080 - youtube.com","","1920; 1080","https://encrypted-tbn1.gstatic.com/images?q=tbn:ANd9GcSR7OAPTZ7-Pm2pdaR-8AU8_EJpNPUVTjzWFf4uUEAzRbx3SC1T","Image result for palmyra","1920 × 1080 - youtube.com","1920; 1080","{""id"":""vZXJO9sepi8InM:"",""isu"":""youtube.com"",""ity"":""jpg"",""oh"":1080,""ou"":""https://i.ytimg.com/vi/n96N_F2XHsg/maxresdefault.jpg"",""ow"":1920,""pt"":""Pre-War Footage o the Ruins of the Ancient City of Palmyra ..."",""rid"":""Ar4feIsW2hpNyM"",""ru"":""https://www.youtube.com/watch?v\u003dn96N_F2XHsg"",""s"":""Pre-War Footage o the Ruins of the Ancient City of Palmyra (Recently Captured by ISIS)"",""th"":168,""tu"":""https://encrypted-tbn1.gstatic.com/images?q\u003dtbn:ANd9GcSR7OAPTZ7-Pm2pdaR-8AU8_EJpNPUVTjzWFf4uUEAzRbx3SC1T"",""tw"":300}",""
"/imgres?imgurl=http://i.telegraph.co.uk/multimedia/archive/03313/aerial-view-palmyr_3313984k.jpg&imgrefurl=http://www.telegraph.co.uk/news/worldnews/islamic-state/11605358/Ancient-oasis-city-of-Palmyra-under-threat-from-Islamic-State-in-pictures.html&h=536&w=858&tbnid=YwrHP7HkylXehM:&docid=pFZwEfbmks2xbM&ei=JSrwVtjgA8rr-QHi45OYCA&tbm=isch","858 × 536 - telegraph.co.uk","","858; 536","https://encrypted-tbn3.gstatic.com/images?q=tbn:ANd9GcTjY9u8l-DUoYNV8wvK-BQqZEM4wPmE1yBL-njw5zA6JgMuq4rl","Image result for palmyra","858 × 536 - telegraph.co.uk","858; 536","{""cb"":3,""cl"":21,""cr"":3,""ct"":15,""id"":""YwrHP7HkylXehM:"",""isu"":""telegraph.co.uk"",""ity"":""jpg"",""oh"":536,""ou"":""http://i.telegraph.co.uk/multimedia/archive/03313/aerial-view-palmyr_3313984k.jpg"",""ow"":858,""pt"":""Ancient oasis city of Palmyra under threat from Islamic State: in ..."",""rid"":""pFZwEfbmks2xbM"",""ru"":""http://www.telegraph.co.uk/news/worldnews/islamic-state/11605358/Ancient-oasis-city-of-Palmyra-under-threat-from-Islamic-State-in-pictures.html"",""s"":""An aerial view shows the Roman Theatre at Palmyra, dating back to the second century"",""th"":177,""tu"":""https://encrypted-tbn3.gstatic.com/images?q\u003dtbn:ANd9GcTjY9u8l-DUoYNV8wvK-BQqZEM4wPmE1yBL-njw5zA6JgMuq4rl"",""tw"":284}",""
"/imgres?imgurl=https://thecreatorsproject-images.vice.com/content-images/contentimage/no-slug/3c86939b639489172c13ba35135a288b.jpg&imgrefurl=http://thecreatorsproject.vice.com/blog/help-fight-isis-by-rebuilding-palmyra-in-3d&h=492&w=700&tbnid=WzKI0fM6jUOsmM:&docid=tH2rHa7egSwxkM&ei=JSrwVtjgA8rr-QHi45OYCA&tbm=isch","700 × 492 - thecreatorsproject.vice.com","","700; 492","https://encrypted-tbn0.gstatic.com/images?q=tbn:ANd9GcTuJTkmsbqBpbl0iP7MNw1U_bYl-zjYai8cirsJejWjD-Kh5-lUYQ","Image result for palmyra","700 × 492 - thecreatorsproject.vice.com","700; 492","{""cr"":3,""ct"":15,""id"":""WzKI0fM6jUOsmM:"",""isu"":""thecreatorsproject.vice.com"",""ity"":""jpg"",""oh"":492,""ou"":""https://thecreatorsproject-images.vice.com/content-images/contentimage/no-slug/3c86939b639489172c13ba35135a288b.jpg"",""ow"":700,""pt"":""Help Fight ISIS by Rebuilding Palmyra in 3D | The Creators Project"",""rid"":""tH2rHa7egSwxkM"",""ru"":""http://thecreatorsproject.vice.com/blog/help-fight-isis-by-rebuilding-palmyra-in-3d"",""s"":""All images courtesy of #NEWPALMYRA project"",""th"":188,""tu"":""https://encrypted-tbn0.gstatic.com/images?q\u003dtbn:ANd9GcTuJTkmsbqBpbl0iP7MNw1U_bYl-zjYai8cirsJejWjD-Kh5-lUYQ"",""tw"":268}",""
"/imgres?imgurl=http://ichef.bbci.co.uk/news/660/cpsprodpb/135E9/production/_85173397_85173396.jpg&imgrefurl=http://www.bbc.com/news/world-middle-east-34051870&h=371&w=660&tbnid=1YGtRgQkp6_aTM:&docid=4tUCqf708xvskM&ei=JSrwVtjgA8rr-QHi45OYCA&tbm=isch","660 × 371 - bbc.com","","660; 371","https://encrypted-tbn1.gstatic.com/images?q=tbn:ANd9GcQeO0Bfn7I_oGiOrP89Xjbo1Oz_ytvnCwZu4U5cJ7nGocE_JH1xKA","Image result for palmyra","660 × 371 - bbc.com","660; 371","{""id"":""1YGtRgQkp6_aTM:"",""isu"":""bbc.com"",""ity"":""jpg"",""oh"":371,""ou"":""http://ichef.bbci.co.uk/news/660/cpsprodpb/135E9/production/_85173397_85173396.jpg"",""ow"":660,""pt"":""Islamic State photos \u0026#39;show Palmyra temple destruction\u0026#39; - BBC News"",""rid"":""4tUCqf708xvskM"",""ru"":""http://www.bbc.com/news/world-middle-east-34051870"",""s"":""Image caption Syria\u0026#39;s director of antiquities said the Temple of Baalshamin was blown up on Sunday"",""th"":168,""tu"":""https://encrypted-tbn1.gstatic.com/images?q\u003dtbn:ANd9GcQeO0Bfn7I_oGiOrP89Xjbo1Oz_ytvnCwZu4U5cJ7nGocE_JH1xKA"",""tw"":300}",""
"/imgres?imgurl=http://ichef.bbci.co.uk/news/624/cpsprodpb/2705/production/_85298990_5e97a8af-0f8e-4847-90c7-f470e09c63f5.jpg&imgrefurl=http://www.bbc.com/news/world-middle-east-34111092&h=447&w=624&tbnid=VkeKaAOlfOmiYM:&docid=gjwYaLQ98dzetM&ei=JSrwVtjgA8rr-QHi45OYCA&tbm=isch","624 × 447 - bbc.com","","624; 447","https://encrypted-tbn2.gstatic.com/images?q=tbn:ANd9GcTCpzPz0xgX6uByubbuDX-cYfOBTPzC9Vnx8W2LyO5dnFPnGMGW","Image result for palmyra","624 × 447 - bbc.com","624; 447","{""id"":""VkeKaAOlfOmiYM:"",""isu"":""bbc.com"",""ity"":""jpg"",""oh"":447,""ou"":""http://ichef.bbci.co.uk/news/624/cpsprodpb/2705/production/_85298990_5e97a8af-0f8e-4847-90c7-f470e09c63f5.jpg"",""ow"":624,""pt"":""Palmyra\u0026#39;s Temple of Bel destroyed, says UN - BBC News"",""rid"":""gjwYaLQ98dzetM"",""ru"":""http://www.bbc.com/news/world-middle-east-34111092"",""s"":""Ancient city of Palmyra"",""th"":190,""tu"":""https://encrypted-tbn2.gstatic.com/images?q\u003dtbn:ANd9GcTCpzPz0xgX6uByubbuDX-cYfOBTPzC9Vnx8W2LyO5dnFPnGMGW"",""tw"":265}",""
"/imgres?imgurl=http://images.huffingtonpost.com/2015-06-25-1435205187-7926572-Palmyra_3_FelixBonfils_ca.186776_photographicalbumenprint_MyronBementSmithCollection_FreerandSacklerGalleriesArchives_Smithsonian.jpg&imgrefurl=http://www.huffingtonpost.com/raza-rumi/save-palmyra-from-isiss-r_b_7659742.html&h=3180&w=4000&tbnid=4GV1DBa9PDO-5M:&docid=z0DXUMjB-rMrYM&ei=JSrwVtjgA8rr-QHi45OYCA&tbm=isch","4000 × 3180 - huffingtonpost.com","","4000; 3180","https://encrypted-tbn1.gstatic.com/images?q=tbn:ANd9GcTFVO_DGpjPg1yebxH3bmMFvpBWnsOGE54p0jM6hzloRLBTkDwLuw","Image result for palmyra","4000 × 3180 - huffingtonpost.com","4000; 3180","{""id"":""4GV1DBa9PDO-5M:"",""isu"":""huffingtonpost.com"",""ity"":""jpg"",""oh"":3180,""ou"":""http://images.huffingtonpost.com/2015-06-25-1435205187-7926572-Palmyra_3_FelixBonfils_ca.186776_photographicalbumenprint_MyronBementSmithCollection_FreerandSacklerGalleriesArchives_Smithsonian.jpg"",""ow"":4000,""pt"":""Save Palmyra From ISIS\u0026#39;s Rampage"",""rid"":""z0DXUMjB-rMrYM"",""ru"":""http://www.huffingtonpost.com/raza-rumi/save-palmyra-from-isiss-r_b_7659742.html"",""s"":""Palmyra prospered in the 2nd and 3rd centuries CE. When the Sāsānians replaced the Parthians in Persia and southern Mesopotamia (226 CE), Palmyrene trade ..."",""th"":200,""tu"":""https://encrypted-tbn1.gstatic.com/images?q\u003dtbn:ANd9GcTFVO_DGpjPg1yebxH3bmMFvpBWnsOGE54p0jM6hzloRLBTkDwLuw"",""tw"":252}","1435190400000"
"/imgres?imgurl=http://ichef-1.bbci.co.uk/news/624/media/images/83136000/gif/_83136115_iraq_syria_control_ramadi_624_2105.gif&imgrefurl=http://www.bbc.com/news/world-middle-east-32820857&h=430&w=624&tbnid=ELrzbGCyJSinTM:&docid=Zo_tRqQWrLOCbM&ei=JSrwVtjgA8rr-QHi45OYCA&tbm=isch","624 × 430 - bbc.com","","624; 430","https://encrypted-tbn3.gstatic.com/images?q=tbn:ANd9GcTsbmDaHYyS12trwOCEsIec7u9DLzqglqHORcU04Qz0LFUtyDem","Image result for palmyra","624 × 430 - bbc.com","624; 430","{""id"":""ELrzbGCyJSinTM:"",""isu"":""bbc.com"",""ity"":""gif"",""oh"":430,""ou"":""http://ichef-1.bbci.co.uk/news/624/media/images/83136000/gif/_83136115_iraq_syria_control_ramadi_624_2105.gif"",""ow"":624,""pt"":""Islamic State seizes Syria\u0026#39;s ancient Palmyra - BBC News"",""rid"":""Zo_tRqQWrLOCbM"",""ru"":""http://www.bbc.com/news/world-middle-east-32820857"",""s"":""Are you in Palmyra? Do you have friends and family there? You can email haveyoursay@bbc.co.uk with your experiences."",""sc"":1,""th"":186,""tu"":""https://encrypted-tbn3.gstatic.com/images?q\u003dtbn:ANd9GcTsbmDaHYyS12trwOCEsIec7u9DLzqglqHORcU04Qz0LFUtyDem"",""tw"":271}",""
"/imgres?imgurl=http://images.huffingtonpost.com/2015-06-25-1435206064-6269049-FSA_A.04_174G.Palmyra10.jpg&imgrefurl=http://www.huffingtonpost.com/raza-rumi/save-palmyra-from-isiss-r_b_7659742.html&h=3178&w=4057&tbnid=mhofyQetHqmd1M:&docid=z0DXUMjB-rMrYM&ei=JSrwVtjgA8rr-QHi45OYCA&tbm=isch","4057 × 3178 - huffingtonpost.com","","4057; 3178","https://encrypted-tbn3.gstatic.com/images?q=tbn:ANd9GcQOymnUrVJtrbrsepZxYpCCpZb79PtAKFbavlyYEgVZLocYZ2g64w","Image result for palmyra","4057 × 3178 - huffingtonpost.com","4057; 3178","{""cr"":3,""id"":""mhofyQetHqmd1M:"",""isu"":""huffingtonpost.com"",""ity"":""jpg"",""oh"":3178,""ou"":""http://images.huffingtonpost.com/2015-06-25-1435206064-6269049-FSA_A.04_174G.Palmyra10.jpg"",""ow"":4057,""pt"":""Save Palmyra From ISIS\u0026#39;s Rampage"",""rid"":""z0DXUMjB-rMrYM"",""ru"":""http://www.huffingtonpost.com/raza-rumi/save-palmyra-from-isiss-r_b_7659742.html"",""s"":""The \u0026quot;engraving images\u0026quot; at Sackler are from Robert Woods\u0026#39; 1753 The Ruins of Palmyra, which, according the museum website, are\u0026quot;a publication that inspired the ..."",""th"":199,""tu"":""https://encrypted-tbn3.gstatic.com/images?q\u003dtbn:ANd9GcQOymnUrVJtrbrsepZxYpCCpZb79PtAKFbavlyYEgVZLocYZ2g64w"",""tw"":254}","1435190400000"
"/imgres?imgurl=http://static.independent.co.uk/s3fs-public/thumbnails/image/2015/05/21/18/v2-26-Palmyra-AFP-Getty.jpg&imgrefurl=http://www.independent.co.uk/news/world/middle-east/isis-in-palmyra-after-destruction-of-the-temple-of-baalshamin-what-is-left-of-the-ancient-city-10469385.html&h=1536&w=2048&tbnid=M956f_OruRwCFM:&docid=hHjnCd8UDQawYM&ei=JSrwVtjgA8rr-QHi45OYCA&tbm=isch","2048 × 1536 - independent.co.uk","","2048; 1536","https://encrypted-tbn2.gstatic.com/images?q=tbn:ANd9GcTd5rFUwlP0UjLz7CUou43ipsXhnxelHVeSGPJlxN0UqAcwXlaO","Image result for palmyra","2048 × 1536 - independent.co.uk","2048; 1536","{""id"":""M956f_OruRwCFM:"",""isu"":""independent.co.uk"",""ity"":""jpg"",""oh"":1536,""ou"":""http://static.independent.co.uk/s3fs-public/thumbnails/image/2015/05/21/18/v2-26-Palmyra-AFP-Getty.jpg"",""ow"":2048,""pt"":""Isis in Palmyra: After destruction of the temple of Baalshamin ..."",""rid"":""hHjnCd8UDQawYM"",""ru"":""http://www.independent.co.uk/news/world/middle-east/isis-in-palmyra-after-destruction-of-the-temple-of-baalshamin-what-is-left-of-the-ancient-city-10469385.html"",""s"":""Isis in Palmyra: After destruction of the temple of Baalshamin, what is left of the ancient city? | Middle East | News | The Independent"",""th"":194,""tu"":""https://encrypted-tbn2.gstatic.com/images?q\u003dtbn:ANd9GcTd5rFUwlP0UjLz7CUou43ipsXhnxelHVeSGPJlxN0UqAcwXlaO"",""tw"":259}","1432166400000"
"/imgres?imgurl=http://vid.alarabiya.net/images/2015/05/31/095ef992-7804-4aec-b226-bf8aea0e0278/095ef992-7804-4aec-b226-bf8aea0e0278_16x9_600x338.jpg&imgrefurl=http://english.alarabiya.net/en/News/middle-east/2015/05/30/ISIS-razes-notorious-Syria-regime-jail-in-Palmyra-Monitor.html&h=337&w=600&tbnid=_YN6JZJSDvkaDM:&docid=fg8h231oeTxagM&ei=JSrwVtjgA8rr-QHi45OYCA&tbm=isch","600 × 337 - english.alarabiya.net","","600; 337","https://encrypted-tbn2.gstatic.com/images?q=tbn:ANd9GcSnOH5X32vxMJX0SLwAmYO4VkuMrO_ToC5fGt3qwCew-AVykKCAOA","Image result for palmyra","600 × 337 - english.alarabiya.net","600; 337","{""id"":""_YN6JZJSDvkaDM:"",""isu"":""english.alarabiya.net"",""ity"":""jpg"",""oh"":337,""ou"":""http://vid.alarabiya.net/images/2015/05/31/095ef992-7804-4aec-b226-bf8aea0e0278/095ef992-7804-4aec-b226-bf8aea0e0278_16x9_600x338.jpg"",""ow"":600,""pt"":""ISIS razes notorious Syrian jail in Palmyra - Al Arabiya English"",""rid"":""fg8h231oeTxagM"",""ru"":""http://english.alarabiya.net/en/News/middle-east/2015/05/30/ISIS-razes-notorious-Syria-regime-jail-in-Palmyra-Monitor.html"",""s"":"""",""th"":168,""tu"":""https://encrypted-tbn2.gstatic.com/images?q\u003dtbn:ANd9GcSnOH5X32vxMJX0SLwAmYO4VkuMrO_ToC5fGt3qwCew-AVykKCAOA"",""tw"":300}","1433030400000; 1432944000000"
"/imgres?imgurl=http://vid.alarabiya.net/images/2015/08/23/fe65bded-7b78-40ef-adf8-3c33dc16b5fb/fe65bded-7b78-40ef-adf8-3c33dc16b5fb.png&imgrefurl=http://english.alarabiya.net/en/News/middle-east/2015/08/24/ISIS-blows-up-temple-in-Syria-s-Palmyra.html&h=337&w=600&tbnid=Xp3pFJgNdFVa0M:&docid=1HpMiQQIBBOZ6M&ei=JSrwVtjgA8rr-QHi45OYCA&tbm=isch","600 × 337 - english.alarabiya.net","","600; 337","https://encrypted-tbn1.gstatic.com/images?q=tbn:ANd9GcSnkoI-dK8TI-O8ejzHp_ZVZKtb8nI5hzkbY5EzxJe6iryj9v_CAA","Image result for palmyra","600 × 337 - english.alarabiya.net","600; 337","{""id"":""Xp3pFJgNdFVa0M:"",""isu"":""english.alarabiya.net"",""ity"":""png"",""oh"":337,""ou"":""http://vid.alarabiya.net/images/2015/08/23/fe65bded-7b78-40ef-adf8-3c33dc16b5fb/fe65bded-7b78-40ef-adf8-3c33dc16b5fb.png"",""ow"":600,""pt"":""ISIS blows up ancient temple in Syria\u0026#39;s Palmyra - Al Arabiya English"",""rid"":""1HpMiQQIBBOZ6M"",""ru"":""http://english.alarabiya.net/en/News/middle-east/2015/08/24/ISIS-blows-up-temple-in-Syria-s-Palmyra.html"",""s"":""An ISIS fighter reads out a death sentence in front of 25 Syrian soldiers in the site of the amphitheater in Palmyra, Syria. The footage was believed to ..."",""th"":168,""tu"":""https://encrypted-tbn1.gstatic.com/images?q\u003dtbn:ANd9GcSnkoI-dK8TI-O8ejzHp_ZVZKtb8nI5hzkbY5EzxJe6iryj9v_CAA"",""tw"":300}","1440288000000; 1440374400000"
"/imgres?imgurl=https://i0.wp.com/sana.sy/en/wp-content/uploads/2015/05/Palmyra-Tadmur-masscare-ISIS-1.jpg&imgrefurl=https://syria360.wordpress.com/2015/05/24/isis-slaughters-hundreds-of-palmyra-residents/&h=313&w=617&tbnid=eK_HceDlPPNiyM:&docid=SUXn9orCaB1NbM&ei=JSrwVtjgA8rr-QHi45OYCA&tbm=isch","617 × 313 - syria360.wordpress.com","","617; 313","https://encrypted-tbn3.gstatic.com/images?q=tbn:ANd9GcStWGmyS-5Kho1iKFi7vA1SGot8Yzs-lIlFEUvC16_1fJ97uCE_","Image result for palmyra","617 × 313 - syria360.wordpress.com","617; 313","{""id"":""eK_HceDlPPNiyM:"",""isu"":""syria360.wordpress.com"",""ity"":""jpg"",""oh"":313,""ou"":""https://i0.wp.com/sana.sy/en/wp-content/uploads/2015/05/Palmyra-Tadmur-masscare-ISIS-1.jpg"",""ow"":617,""pt"":""ISIS Slaughters Hundreds of Palmyra Residents \u2013 SYRIA 360°"",""rid"":""SUXn9orCaB1NbM"",""ru"":""https://syria360.wordpress.com/2015/05/24/isis-slaughters-hundreds-of-palmyra-residents/"",""s"":""Homs, SANA \u2013 Hundreds of residents of Palmyra city-also known as Tadmur-have been killed at the hands of the Islamic State in Iraq and Syria (ISIS), ..."",""th"":160,""tu"":""https://encrypted-tbn3.gstatic.com/images?q\u003dtbn:ANd9GcStWGmyS-5Kho1iKFi7vA1SGot8Yzs-lIlFEUvC16_1fJ97uCE_"",""tw"":315}","1432425600000"
"/imgres?imgurl=http://shoebat.com/wp-content/uploads/2015/05/tadmor2-copy.jpg&imgrefurl=http://shoebat.com/2015/05/24/major-massacre-in-the-biblical-city-of-palmyra-photos-and-testimonies-emerges-showing-obamas-failures/&h=752&w=1302&tbnid=qIux6TjDQQRhpM:&docid=3gsFw7POqtjD3M&ei=JSrwVtjgA8rr-QHi45OYCA&tbm=isch","1302 × 752 - shoebat.com","","1302; 752","https://encrypted-tbn1.gstatic.com/images?q=tbn:ANd9GcRTGIi3rCWAOFcboyiS8Vv2j5tizn2tgaZxniZGwdEGtZZ_oq2gXQ","Image result for palmyra","1302 × 752 - shoebat.com","1302; 752","{""id"":""qIux6TjDQQRhpM:"",""isu"":""shoebat.com"",""ity"":""jpg"",""oh"":752,""ou"":""http://shoebat.com/wp-content/uploads/2015/05/tadmor2-copy.jpg"",""ow"":1302,""pt"":""MAJOR MASSACRE In The Biblical City Of Palmyra (Photos And ..."",""rid"":""3gsFw7POqtjD3M"",""ru"":""http://shoebat.com/2015/05/24/major-massacre-in-the-biblical-city-of-palmyra-photos-and-testimonies-emerges-showing-obamas-failures/"",""s"":""This massacre now confirms what Shoebat.com has reported on the day Palmyra fell 3 days ago with now even more shocking testimonies emerged today showing ..."",""th"":170,""tu"":""https://encrypted-tbn1.gstatic.com/images?q\u003dtbn:ANd9GcRTGIi3rCWAOFcboyiS8Vv2j5tizn2tgaZxniZGwdEGtZZ_oq2gXQ"",""tw"":296}","1432425600000"
"/imgres?imgurl=http://ichef-1.bbci.co.uk/news/624/media/images/83140000/jpg/_83140903_elizabethroberts1.jpg&imgrefurl=http://www.bbc.com/news/in-pictures-32824052&h=351&w=624&tbnid=cTzIwkT8r-ZT5M:&docid=da3F0aJ59O3n6M&ei=JSrwVtjgA8rr-QHi45OYCA&tbm=isch","624 × 351 - bbc.com","","624; 351","https://encrypted-tbn0.gstatic.com/images?q=tbn:ANd9GcSsfvMtcjDBihc5R5Xhr78Zv2rqM2lP3FNAPZ0R6ZBQ4Z1hrm5phA","Image result for palmyra","624 × 351 - bbc.com","624; 351","{""cl"":6,""cr"":3,""id"":""cTzIwkT8r-ZT5M:"",""isu"":""bbc.com"",""ity"":""jpg"",""oh"":351,""ou"":""http://ichef-1.bbci.co.uk/news/624/media/images/83140000/jpg/_83140903_elizabethroberts1.jpg"",""ow"":624,""pt"":""Palmyra in pictures: A Syrian site under threat - BBC News"",""rid"":""da3F0aJ59O3n6M"",""ru"":""http://www.bbc.com/news/in-pictures-32824052"",""s"":""Image caption Elizabeth Roberts took this image of the temple of Baalshamin in 2007. Her husband David says: \u0026quot;There is something slightly disquieting about ..."",""th"":168,""tu"":""https://encrypted-tbn0.gstatic.com/images?q\u003dtbn:ANd9GcSsfvMtcjDBihc5R5Xhr78Zv2rqM2lP3FNAPZ0R6ZBQ4Z1hrm5phA"",""tw"":300}",""
"/imgres?imgurl=http://i2.cdn.turner.com/cnnnext/dam/assets/150515085051-07-palmyra-ruins-super-169.jpg&imgrefurl=http://www.cnn.com/2015/05/15/middleeast/gallery/palmyra-ruins-syria/&h=619&w=1100&tbnid=D2fW26Iq5m6c-M:&docid=xXcldM3c72LDvM&ei=JSrwVtjgA8rr-QHi45OYCA&tbm=isch","1100 × 619 - cnn.com","","1100; 619","https://encrypted-tbn2.gstatic.com/images?q=tbn:ANd9GcTzuqYUcxPwf5PAxBsUtNItMIeTJNEE_SMALPTR8gdBLYcZSwHlIA","Image result for palmyra","1100 × 619 - cnn.com","1100; 619","{""cr"":6,""id"":""D2fW26Iq5m6c-M:"",""isu"":""cnn.com"",""ity"":""jpg"",""oh"":619,""ou"":""http://i2.cdn.turner.com/cnnnext/dam/assets/150515085051-07-palmyra-ruins-super-169.jpg"",""ow"":1100,""pt"":""The ruins of Palmyra - CNN.com"",""rid"":""xXcldM3c72LDvM"",""ru"":""http://www.cnn.com/2015/05/15/middleeast/gallery/palmyra-ruins-syria/"",""s"":""10 photos: The ruins of Palmyra"",""th"":168,""tu"":""https://encrypted-tbn2.gstatic.com/images?q\u003dtbn:ANd9GcTzuqYUcxPwf5PAxBsUtNItMIeTJNEE_SMALPTR8gdBLYcZSwHlIA"",""tw"":299}","1431648000000"
"/imgres?imgurl=http://gdb.voanews.com/B5FAEB06-E61D-4495-BD1A-CD1DD8B50E33_mw1024_s_n.jpg&imgrefurl=http://www.voanews.com/content/bassel-khartabil-palmyra-creative-commons-syria-islamic-state/3033453.html&h=768&w=1024&tbnid=_EbH4nMqC5hCFM:&docid=2lcG7C4RyWQ6zM&ei=JSrwVtjgA8rr-QHi45OYCA&tbm=isch","1024 × 768 - voanews.com","","1024; 768","https://encrypted-tbn3.gstatic.com/images?q=tbn:ANd9GcSig2CHAPYStFcfhKRXZAf-caro4r1YmuOZT1EzrXblixNHZ0E1","Image result for palmyra","1024 × 768 - voanews.com","1024; 768","{""id"":""_EbH4nMqC5hCFM:"",""isu"":""voanews.com"",""ity"":""jpg"",""oh"":768,""ou"":""http://gdb.voanews.com/B5FAEB06-E61D-4495-BD1A-CD1DD8B50E33_mw1024_s_n.jpg"",""ow"":1024,""pt"":""Disappeared Syrian Activist\u0026#39;s 3-D Models Could Save Palmyra"",""rid"":""2lcG7C4RyWQ6zM"",""ru"":""http://www.voanews.com/content/bassel-khartabil-palmyra-creative-commons-syria-islamic-state/3033453.html"",""s"":"""",""th"":194,""tu"":""https://encrypted-tbn3.gstatic.com/images?q\u003dtbn:ANd9GcSig2CHAPYStFcfhKRXZAf-caro4r1YmuOZT1EzrXblixNHZ0E1"",""tw"":259}",""
"/imgres?imgurl=http://ichef-1.bbci.co.uk/news/976/media/images/83026000/jpg/_83026836_83026835.jpg&imgrefurl=http://www.bbc.com/news/world-middle-east-32748392&h=549&w=976&tbnid=EDC5o8IeLgxEgM:&docid=E2uQg9k0nLjHZM&ei=JSrwVtjgA8rr-QHi45OYCA&tbm=isch","976 × 549 - bbc.com","","976; 549","https://encrypted-tbn1.gstatic.com/images?q=tbn:ANd9GcQAzHdfbXV-pR_Fg3mHk4REq3Oa--qILvwvTz2nC261cWwc_FC-","Image result for palmyra","976 × 549 - bbc.com","976; 549","{""id"":""EDC5o8IeLgxEgM:"",""isu"":""bbc.com"",""ity"":""jpg"",""oh"":549,""ou"":""http://ichef-1.bbci.co.uk/news/976/media/images/83026000/jpg/_83026836_83026835.jpg"",""ow"":976,""pt"":""Palmyra: IS threat to \u0026#39;Venice of the Sands\u0026#39; - BBC News"",""rid"":""E2uQg9k0nLjHZM"",""ru"":""http://www.bbc.com/news/world-middle-east-32748392"",""s"":""Image caption The remains, like the ancient theatre, drew throngs of tourists before the war ..."",""th"":168,""tu"":""https://encrypted-tbn1.gstatic.com/images?q\u003dtbn:ANd9GcQAzHdfbXV-pR_Fg3mHk4REq3Oa--qILvwvTz2nC261cWwc_FC-"",""tw"":300}",""
"/imgres?imgurl=http://thumb101.shutterstock.com/display_pic_with_logo/2053625/240173707/stock-photo-the-roman-theatre-palmyra-ruins-syria-before-civil-war-240173707.jpg&imgrefurl=http://www.shutterstock.com/s/palmyra/search.html&h=318&w=450&tbnid=67qScc7KJt-Q3M:&docid=o-tAPImYKMFDjM&ei=JSrwVtjgA8rr-QHi45OYCA&tbm=isch","450 × 318 - shutterstock.com","","450; 318","https://encrypted-tbn2.gstatic.com/images?q=tbn:ANd9GcTmkvSsIG1NJphvIeFNkDCaJ0QOzwhllN1VqPt9i8jsfOiHXIZ4","Image result for palmyra","450 × 318 - shutterstock.com","450; 318","{""id"":""67qScc7KJt-Q3M:"",""isu"":""shutterstock.com"",""ity"":""jpg"",""oh"":318,""ou"":""http://thumb101.shutterstock.com/display_pic_with_logo/2053625/240173707/stock-photo-the-roman-theatre-palmyra-ruins-syria-before-civil-war-240173707.jpg"",""ow"":450,""pt"":""Palmyra Stock Photos, Images, \u0026amp; Pictures | Shutterstock"",""rid"":""o-tAPImYKMFDjM"",""ru"":""http://www.shutterstock.com/s/palmyra/search.html"",""s"":""the roman theatre palmyra."",""th"":189,""tu"":""https://encrypted-tbn2.gstatic.com/images?q\u003dtbn:ANd9GcTmkvSsIG1NJphvIeFNkDCaJ0QOzwhllN1VqPt9i8jsfOiHXIZ4"",""tw"":267}",""
"/imgres?imgurl=http://www.aljazeera.com/mritems/imagecache/mbdxxlarge/mritems/Images/2015/5/31/2587b13c1195492dadb0b58c9f94b5c1_18.jpg&imgrefurl=http://www.aljazeera.com/news/2015/05/isil-syria-palmyra-prison-150530233411592.html&h=450&w=800&tbnid=fgr12_87cfIEGM:&docid=4W_6Q9NqsLZ58M&ei=JSrwVtjgA8rr-QHi45OYCA&tbm=isch","800 × 450 - aljazeera.com","","800; 450","https://encrypted-tbn1.gstatic.com/images?q=tbn:ANd9GcRTcO2w1W6LoaqlC06Zg0XvJToZVpF5xCFvpbHNem0n4ByFW6Gu","Image result for palmyra","800 × 450 - aljazeera.com","800; 450","{""ct"":15,""id"":""fgr12_87cfIEGM:"",""isu"":""aljazeera.com"",""ity"":""jpg"",""oh"":450,""ou"":""http://www.aljazeera.com/mritems/imagecache/mbdxxlarge/mritems/Images/2015/5/31/2587b13c1195492dadb0b58c9f94b5c1_18.jpg"",""ow"":800,""pt"":""ISIL \u0026#39;blows up\u0026#39; Syria\u0026#39;s notorious Palmyra prison - Al Jazeera English"",""rid"":""4W_6Q9NqsLZ58M"",""ru"":""http://www.aljazeera.com/news/2015/05/isil-syria-palmyra-prison-150530233411592.html"",""s"":""ISIL supporters posted pictures purporting to show the destruction of the prison [via Twitter]"",""th"":168,""tu"":""https://encrypted-tbn1.gstatic.com/images?q\u003dtbn:ANd9GcRTcO2w1W6LoaqlC06Zg0XvJToZVpF5xCFvpbHNem0n4ByFW6Gu"",""tw"":300}","1433030400000"
"/imgres?imgurl=http://news.bbcimg.co.uk/news/special/2015/newsspec_12628/img/palmyra_after_976_v5.jpg%253Fv%253D0&imgrefurl=http://www.bbc.com/news/world-middle-east-34294287&h=575&w=976&tbnid=mWmSBVBe12-NXM:&docid=QjjxnnZ_EWrVsM&ei=JSrwVtjgA8rr-QHi45OYCA&tbm=isch","976 × 575 - bbc.com","","976; 575","https://encrypted-tbn2.gstatic.com/images?q=tbn:ANd9GcT3rY0XNUPTKaceuavUoe1QgsvkmSfMTB7A9I6gBKutElnygnbJLw","Image result for palmyra","976 × 575 - bbc.com","976; 575","{""id"":""mWmSBVBe12-NXM:"",""isu"":""bbc.com"",""ity"":""jpg"",""oh"":575,""ou"":""http://news.bbcimg.co.uk/news/special/2015/newsspec_12628/img/palmyra_after_976_v5.jpg?v\u003d0"",""ow"":976,""pt"":""Palmyra: Islamic State\u0026#39;s demolition in the desert - BBC News"",""rid"":""QjjxnnZ_EWrVsM"",""ru"":""http://www.bbc.com/news/world-middle-east-34294287"",""s"":""Palmyra map"",""th"":172,""tu"":""https://encrypted-tbn2.gstatic.com/images?q\u003dtbn:ANd9GcT3rY0XNUPTKaceuavUoe1QgsvkmSfMTB7A9I6gBKutElnygnbJLw"",""tw"":293}",""
"/imgres?imgurl=http://ichef.bbci.co.uk/news/624/cpsprodpb/13A7/production/_85913050_8e2659da-9126-4c94-b8b1-c15608142601.jpg&imgrefurl=http://www.bbc.com/news/world-middle-east-34440759&h=368&w=624&tbnid=bIc2W-26jmY4AM:&docid=WiLnrgUgYb_YEM&ei=JSrwVtjgA8rr-QHi45OYCA&tbm=isch","624 × 368 - bbc.com","","624; 368","https://encrypted-tbn2.gstatic.com/images?q=tbn:ANd9GcRTQhK77cZF5BpWFUCsETvq2kq9uuGiRUBrWAlRbXbU2VKbTREM","Image result for palmyra","624 × 368 - bbc.com","624; 368","{""id"":""bIc2W-26jmY4AM:"",""isu"":""bbc.com"",""ity"":""jpg"",""oh"":368,""ou"":""http://ichef.bbci.co.uk/news/624/cpsprodpb/13A7/production/_85913050_8e2659da-9126-4c94-b8b1-c15608142601.jpg"",""ow"":624,""pt"":""Islamic State \u0026#39;blows up Palmyra arch\u0026#39; - BBC News"",""rid"":""WiLnrgUgYb_YEM"",""ru"":""http://www.bbc.com/news/world-middle-east-34440759"",""s"":""Map of Palmyra"",""th"":172,""tu"":""https://encrypted-tbn2.gstatic.com/images?q\u003dtbn:ANd9GcRTQhK77cZF5BpWFUCsETvq2kq9uuGiRUBrWAlRbXbU2VKbTREM"",""tw"":292}",""
"/imgres?imgurl=http://www.arabamericannews.com/news/images/article/2015_05/10510/u1_valyria-ramasite.jpg&imgrefurl=http://www.arabamericannews.com/news/news/id_10510/ISIS-seizes-Syrias-ancient-Palmyra.html&h=2000&w=3008&tbnid=VtTR0Ctx85Re4M:&docid=3Ev3dj1ZdrNh1M&ei=JSrwVtjgA8rr-QHi45OYCA&tbm=isch","3008 × 2000 - arabamericannews.com","","3008; 2000","https://encrypted-tbn1.gstatic.com/images?q=tbn:ANd9GcRoWY-gw23JxYdcq8KEoB95s_XtUIbU12qWxp4WFogxFry6Ay3V","Image result for palmyra","3008 × 2000 - arabamericannews.com","3008; 2000","{""id"":""VtTR0Ctx85Re4M:"",""isu"":""arabamericannews.com"",""ity"":""jpg"",""oh"":2000,""ou"":""http://www.arabamericannews.com/news/images/article/2015_05/10510/u1_valyria-ramasite.jpg"",""ow"":3008,""pt"":""ISIS seizes Syria\u0026#39;s ancient Palmyra"",""rid"":""3Ev3dj1ZdrNh1M"",""ru"":""http://www.arabamericannews.com/news/news/id_10510/ISIS-seizes-Syrias-ancient-Palmyra.html"",""s"":""DAMASCUS \u2014 \u0026quot;Islamic State\u0026quot; militants tightened their grip on the historic city of Palmyra in Syria, days after capturing a provincial capital in neighboring ..."",""th"":183,""tu"":""https://encrypted-tbn1.gstatic.com/images?q\u003dtbn:ANd9GcRoWY-gw23JxYdcq8KEoB95s_XtUIbU12qWxp4WFogxFry6Ay3V"",""tw"":275}",""
"/imgres?imgurl=http://www.asor-syrianheritage.org/wp-content/uploads/2015/06/Palmyra_tetrapylon.jpg&imgrefurl=http://www.asor-syrianheritage.org/special-report-on-the-importance-of-palmyra/&h=1944&w=2592&tbnid=Gk0V_1iBI7l1iM:&docid=ayASFLlT2RAYdM&ei=JSrwVtjgA8rr-QHi45OYCA&tbm=isch","2592 × 1944 - asor-syrianheritage.org","","2592; 1944","https://encrypted-tbn1.gstatic.com/images?q=tbn:ANd9GcRB97vGz69dPiCAxWdZwICXdu6Sx5LTaqKighCCs7KvjHCxj3xi","Image result for palmyra","2592 × 1944 - asor-syrianheritage.org","2592; 1944","{""id"":""Gk0V_1iBI7l1iM:"",""isu"":""asor-syrianheritage.org"",""ity"":""jpg"",""oh"":1944,""ou"":""http://www.asor-syrianheritage.org/wp-content/uploads/2015/06/Palmyra_tetrapylon.jpg"",""ow"":2592,""pt"":""Special Report on the Importance of Palmyra | ASOR Cultural ..."",""rid"":""ayASFLlT2RAYdM"",""ru"":""http://www.asor-syrianheritage.org/special-report-on-the-importance-of-palmyra/"",""s"":""Figure 3: Palmyra, tetrapylon (photo by Tate Paulette, 2005)"",""th"":194,""tu"":""https://encrypted-tbn1.gstatic.com/images?q\u003dtbn:ANd9GcRB97vGz69dPiCAxWdZwICXdu6Sx5LTaqKighCCs7KvjHCxj3xi"",""tw"":259}",""
"/imgres?imgurl=http://si.wsj.net/public/resources/images/BN-IN727_0521pa_J_20150521090251.jpg&imgrefurl=http://www.wsj.com/articles/inside-the-ancient-syrian-city-of-palmyra-1432218976&h=639&w=959&tbnid=GyAGKWQTxhK-CM:&docid=bF6ZXZtoT8IgqM&ei=JSrwVtjgA8rr-QHi45OYCA&tbm=isch","959 × 639 - wsj.com","","959; 639","https://encrypted-tbn2.gstatic.com/images?q=tbn:ANd9GcQS3Aq20KtOXzC9KCwHY-HPibTi3afGrg1obEYyz9cnPfL5FMRE","Image result for palmyra","959 × 639 - wsj.com","959; 639","{""cb"":12,""id"":""GyAGKWQTxhK-CM:"",""isu"":""wsj.com"",""ity"":""jpg"",""oh"":639,""ou"":""http://si.wsj.net/public/resources/images/BN-IN727_0521pa_J_20150521090251.jpg"",""ow"":959,""pt"":""Inside the Ancient Syrian City of Palmyra - WSJ"",""rid"":""bF6ZXZtoT8IgqM"",""ru"":""http://www.wsj.com/articles/inside-the-ancient-syrian-city-of-palmyra-1432218976"",""s"":"""",""th"":183,""tu"":""https://encrypted-tbn2.gstatic.com/images?q\u003dtbn:ANd9GcQS3Aq20KtOXzC9KCwHY-HPibTi3afGrg1obEYyz9cnPfL5FMRE"",""tw"":275}",""
"/imgres?imgurl=http://www.aljazeera.com/mritems/Images/2015/5/20/e1b35084f634455fb4d2620e041aa40a_18.jpg&imgrefurl=http://www.aljazeera.com/indepth/opinion/2015/05/palmyra-destroyed-syria-isil-150521113045812.html&h=562&w=1000&tbnid=UtrDmJ9IqbWmvM:&docid=HlhD_ROmB1BIUM&ei=JSrwVtjgA8rr-QHi45OYCA&tbm=isch","1000 × 562 - aljazeera.com","","1000; 562","https://encrypted-tbn3.gstatic.com/images?q=tbn:ANd9GcTNKj2KHZTuQCA38rUT-5imJkZlKJ65EM7lWps0qyNJCrRO3qV30g","Image result for palmyra","1000 × 562 - aljazeera.com","1000; 562","{""id"":""UtrDmJ9IqbWmvM:"",""isu"":""aljazeera.com"",""ity"":""jpg"",""oh"":562,""ou"":""http://www.aljazeera.com/mritems/Images/2015/5/20/e1b35084f634455fb4d2620e041aa40a_18.jpg"",""ow"":1000,""pt"":""If Palmyra is destroyed - Al Jazeera English"",""rid"":""HlhD_ROmB1BIUM"",""ru"":""http://www.aljazeera.com/indepth/opinion/2015/05/palmyra-destroyed-syria-isil-150521113045812.html"",""s"":""Syrian soldier at Jazel oil field, near Palmyra in the east of Homs province after"",""th"":168,""tu"":""https://encrypted-tbn3.gstatic.com/images?q\u003dtbn:ANd9GcTNKj2KHZTuQCA38rUT-5imJkZlKJ65EM7lWps0qyNJCrRO3qV30g"",""tw"":300}","1432080000000"
"/imgres?imgurl=https://62e528761d0685343e1c-f3d1b99a743ffa4142d9d7f1978d9686.ssl.cf2.rackcdn.com/files/93298/width668/image-20150828-19933-7ool0r.jpg&imgrefurl=http://www.iflscience.com/editors-blog/khaled-al-asaad-martyr-palmyra&h=463&w=668&tbnid=n1xC8SKmvghAAM:&docid=cqqTN6SetsPywM&ei=JSrwVtjgA8rr-QHi45OYCA&tbm=isch","668 × 463 - iflscience.com","","668; 463","https://encrypted-tbn2.gstatic.com/images?q=tbn:ANd9GcSW0dTE9V2kQE6ruSU-Om91B9K5-On1hMANh6gODXAPVQDWZToXjA","Image result for palmyra","668 × 463 - iflscience.com","668; 463","{""ct"":15,""id"":""n1xC8SKmvghAAM:"",""isu"":""iflscience.com"",""ity"":""jpg"",""oh"":463,""ou"":""https://62e528761d0685343e1c-f3d1b99a743ffa4142d9d7f1978d9686.ssl.cf2.rackcdn.com/files/93298/width668/image-20150828-19933-7ool0r.jpg"",""ow"":668,""pt"":""Khaled al-Asaad, The Martyr Of Palmyra | IFLScience"",""rid"":""cqqTN6SetsPywM"",""ru"":""http://www.iflscience.com/editors-blog/khaled-al-asaad-martyr-palmyra"",""s"":""The Temple of Bel. Bernard Gagnon, CC BY-SA"",""th"":187,""tu"":""https://encrypted-tbn2.gstatic.com/images?q\u003dtbn:ANd9GcSW0dTE9V2kQE6ruSU-Om91B9K5-On1hMANh6gODXAPVQDWZToXjA"",""tw"":270}",""
"/imgres?imgurl=https://d.ibtimes.co.uk/en/full/1440425/palmyra-isis.jpg&imgrefurl=http://www.ibtimes.co.uk/syria-isis-advances-towards-damascus-after-palmyra-massacre-despite-air-strikes-1502956&h=1063&w=1600&tbnid=gDl5_HltdKP1CM:&docid=l_8-gWeimrNVbM&ei=JSrwVtjgA8rr-QHi45OYCA&tbm=isch","1600 × 1063 - ibtimes.co.uk","","1600; 1063","https://encrypted-tbn1.gstatic.com/images?q=tbn:ANd9GcRqKiNiMT6P63lbYoS7rUx8pdKCi2Auf25ZSixxaJHNoy0C7smx","Image result for palmyra","1600 × 1063 - ibtimes.co.uk","1600; 1063","{""id"":""gDl5_HltdKP1CM:"",""isu"":""ibtimes.co.uk"",""ity"":""jpg"",""oh"":1063,""ou"":""https://d.ibtimes.co.uk/en/full/1440425/palmyra-isis.jpg"",""ow"":1600,""pt"":""Syria: Isis advances towards Damascus after Palmyra massacre ..."",""rid"":""l_8-gWeimrNVbM"",""ru"":""http://www.ibtimes.co.uk/syria-isis-advances-towards-damascus-after-palmyra-massacre-despite-air-strikes-1502956"",""s"":""Syria: Isis advances towards Damascus after Palmyra massacre despite air strikes"",""th"":183,""tu"":""https://encrypted-tbn1.gstatic.com/images?q\u003dtbn:ANd9GcRqKiNiMT6P63lbYoS7rUx8pdKCi2Auf25ZSixxaJHNoy0C7smx"",""tw"":276}",""
"/imgres?imgurl=http://www.aljazeera.com/mritems/Images/2015/5/28/f0632700cf8348d699cec274ab81633d_18.jpg&imgrefurl=http://www.aljazeera.com/news/2015/06/isil-plants-mines-ancient-syrian-city-palmyra-150622025527317.html&h=562&w=999&tbnid=z4Qx3dHlGb43AM:&docid=2eQOdAnAD1vQCM&ei=JSrwVtjgA8rr-QHi45OYCA&tbm=isch","999 × 562 - aljazeera.com","","999; 562","https://encrypted-tbn1.gstatic.com/images?q=tbn:ANd9GcQ0xdxlS8HRWbr6CaZILVpZP87G1ox9f4aTu4KklAfiAeJ6_Xhb","Image result for palmyra","999 × 562 - aljazeera.com","999; 562","{""id"":""z4Qx3dHlGb43AM:"",""isu"":""aljazeera.com"",""ity"":""jpg"",""oh"":562,""ou"":""http://www.aljazeera.com/mritems/Images/2015/5/28/f0632700cf8348d699cec274ab81633d_18.jpg"",""ow"":999,""pt"":""ISIL \u0026#39;plants mines\u0026#39; in ancient Syrian city of Palmyra - Al Jazeera ..."",""rid"":""2eQOdAnAD1vQCM"",""ru"":""http://www.aljazeera.com/news/2015/06/isil-plants-mines-ancient-syrian-city-palmyra-150622025527317.html"",""s"":""Smoke rises behind archaeological ruins in Palmyra, Syria [AP]"",""th"":168,""tu"":""https://encrypted-tbn1.gstatic.com/images?q\u003dtbn:ANd9GcQ0xdxlS8HRWbr6CaZILVpZP87G1ox9f4aTu4KklAfiAeJ6_Xhb"",""tw"":299}","1432771200000"
"/imgres?imgurl=http://www.asor-syrianheritage.org/wp-content/uploads/2015/06/Palmyra_agora.jpg&imgrefurl=http://www.asor-syrianheritage.org/special-report-on-the-importance-of-palmyra/&h=1458&w=2592&tbnid=wr-fv7YfaTeDKM:&docid=ayASFLlT2RAYdM&ei=JSrwVtjgA8rr-QHi45OYCA&tbm=isch","2592 × 1458 - asor-syrianheritage.org","","2592; 1458","https://encrypted-tbn3.gstatic.com/images?q=tbn:ANd9GcTNK34j37ufq4kV9JxIqDhIWGet1_mATGMfXDJHSr0CzYaqQkO8","Image result for palmyra","2592 × 1458 - asor-syrianheritage.org","2592; 1458","{""id"":""wr-fv7YfaTeDKM:"",""isu"":""asor-syrianheritage.org"",""ity"":""jpg"",""oh"":1458,""ou"":""http://www.asor-syrianheritage.org/wp-content/uploads/2015/06/Palmyra_agora.jpg"",""ow"":2592,""pt"":""Special Report on the Importance of Palmyra | ASOR Cultural ..."",""rid"":""ayASFLlT2RAYdM"",""ru"":""http://www.asor-syrianheritage.org/special-report-on-the-importance-of-palmyra/"",""s"":""Figure 1: Palmyra, agora (foreground), Colonnaded Street and Qalaat Shirkuh ("",""th"":168,""tu"":""https://encrypted-tbn3.gstatic.com/images?q\u003dtbn:ANd9GcTNK34j37ufq4kV9JxIqDhIWGet1_mATGMfXDJHSr0CzYaqQkO8"",""tw"":300}",""
"/imgres?imgurl=http://static.ddmcdn.com/gif/1-palmyra-150521.jpg&imgrefurl=http://news.discovery.com/history/ancient-palmyra-treasures-at-risk-from-isis-photos-150521.htm&h=440&w=670&tbnid=4AgA2EzsQxXuKM:&docid=VMF0W8wAfbyQJM&ei=JSrwVtjgA8rr-QHi45OYCA&tbm=isch","670 × 440 - news.discovery.com","","670; 440","https://encrypted-tbn0.gstatic.com/images?q=tbn:ANd9GcTnQJH-MAtrNy3IbYWkTBcpqCd9kbV2Jo6B_1cSl96nhgH8ZOBc9g","Image result for palmyra","670 × 440 - news.discovery.com","670; 440","{""id"":""4AgA2EzsQxXuKM:"",""isu"":""news.discovery.com"",""ity"":""jpg"",""oh"":440,""ou"":""http://static.ddmcdn.com/gif/1-palmyra-150521.jpg"",""ow"":670,""pt"":""Ancient Palmyra Treasures at Risk From ISIS: Photos : Discovery News"",""rid"":""VMF0W8wAfbyQJM"",""ru"":""http://news.discovery.com/history/ancient-palmyra-treasures-at-risk-from-isis-photos-150521.htm"",""s"":""Known as the \u0026#39;Venice of the Sands,\u0026#39; Palmyra, a UNESCO World Heritage Site in the desert northeast of Damascus, boasts some of the most beautiful and ..."",""th"":182,""tu"":""https://encrypted-tbn0.gstatic.com/images?q\u003dtbn:ANd9GcTnQJH-MAtrNy3IbYWkTBcpqCd9kbV2Jo6B_1cSl96nhgH8ZOBc9g"",""tw"":277}",""
"/imgres?imgurl=http://rack.1.mshcdn.com/media/ZgkyMDE1LzA1LzE1LzlkL1BhbG15cmFSdWluLjA5M2I4LmpwZwpwCXRodW1iCTEyMDB4OTYwMD4/a2a9cfb1/e90/Palmyra-Ruins.jpg&imgrefurl=http://mashable.com/2015/05/15/palmyra-syria-isis/&h=675&w=1200&tbnid=ABWeNrDZ1bj6QM:&docid=8CLjMXpJUeU5vM&ei=JSrwVtjgA8rr-QHi45OYCA&tbm=isch","1200 × 675 - mashable.com","","1200; 675","https://encrypted-tbn2.gstatic.com/images?q=tbn:ANd9GcS5Bu2EKdDOcgd2mEgZefIhwyV8BG_Kar_aoLccAdjtsOY36jop","Image result for palmyra","1200 × 675 - mashable.com","1200; 675","{""id"":""ABWeNrDZ1bj6QM:"",""isu"":""mashable.com"",""ity"":""jpg"",""oh"":675,""ou"":""http://rack.1.mshcdn.com/media/ZgkyMDE1LzA1LzE1LzlkL1BhbG15cmFSdWluLjA5M2I4LmpwZwpwCXRodW1iCTEyMDB4OTYwMD4/a2a9cfb1/e90/Palmyra-Ruins.jpg"",""ow"":1200,""pt"":""2,000-year-old ruins in the Syrian desert face destruction by ISIS"",""rid"":""8CLjMXpJUeU5vM"",""ru"":""http://mashable.com/2015/05/15/palmyra-syria-isis/"",""s"":""Ancient city of Palmyra"",""th"":168,""tu"":""https://encrypted-tbn2.gstatic.com/images?q\u003dtbn:ANd9GcS5Bu2EKdDOcgd2mEgZefIhwyV8BG_Kar_aoLccAdjtsOY36jop"",""tw"":300}","1431648000000"
"/imgres?imgurl=http://i.dailymail.co.uk/i/pix/2015/06/23/19/29E7029200000578-0-image-a-2_1435084808417.jpg&imgrefurl=http://www.dailymail.co.uk/news/article-3136251/ISIS-begin-destruction-Palmyra-Islamic-extremists-blow-two-mausoleums-ancient-Syrian-city-including-one-belonging-descendant-Prophet-Mohammed.html&h=382&w=636&tbnid=D_bd12QcRUfyeM:&docid=BJb9YnkIW_3aAM&ei=JSrwVtjgA8rr-QHi45OYCA&tbm=isch","636 × 382 - dailymail.co.uk","","636; 382","https://encrypted-tbn1.gstatic.com/images?q=tbn:ANd9GcQWM0od82c0mwVBIPfv3pd_nqVGW-6V0H3IRkd21FsiI2r-Mdr7jw","Image result for palmyra","636 × 382 - dailymail.co.uk","636; 382","{""id"":""D_bd12QcRUfyeM:"",""isu"":""dailymail.co.uk"",""ity"":""jpg"",""oh"":382,""ou"":""http://i.dailymail.co.uk/i/pix/2015/06/23/19/29E7029200000578-0-image-a-2_1435084808417.jpg"",""ow"":636,""pt"":""ISIS begin the destruction of the ancient Syrian city of Palmyra ..."",""rid"":""BJb9YnkIW_3aAM"",""ru"":""http://www.dailymail.co.uk/news/article-3136251/ISIS-begin-destruction-Palmyra-Islamic-extremists-blow-two-mausoleums-ancient-Syrian-city-including-one-belonging-descendant-Prophet-Mohammed.html"",""s"":""ISIS begin the destruction of the ancient Syrian city of Palmyra"",""th"":174,""tu"":""https://encrypted-tbn1.gstatic.com/images?q\u003dtbn:ANd9GcQWM0od82c0mwVBIPfv3pd_nqVGW-6V0H3IRkd21FsiI2r-Mdr7jw"",""tw"":290}","1435017600000"
"/imgres?imgurl=https://ahmedamiruddin.files.wordpress.com/2015/09/wpid-adyqz9npzptdf6zrhnitm6yzqp5b0g8okirn3onzi42uo4dtwi925_lanpyazkrtpo3fsgkrsckocrr8k5rvt5xxyqrkw9uw459-h320-nc.jpeg&imgrefurl=https://ahmedamiruddin.wordpress.com/2015/09/03/palmyra-ruins-that-inspired-the-architecture-of-power/&h=320&w=459&tbnid=HKVKI2CBdFRDUM:&docid=G1SVSEH4Vl2YuM&ei=JSrwVtjgA8rr-QHi45OYCA&tbm=isch","459 × 320 - ahmedamiruddin.wordpress.com","","459; 320","https://encrypted-tbn2.gstatic.com/images?q=tbn:ANd9GcRNABh6ffJ9x2PFTAi2BfeO_MuAS0RZtlOEGIhzNSGhxipuVuL3Ag","Image result for palmyra","459 × 320 - ahmedamiruddin.wordpress.com","459; 320","{""cb"":21,""cr"":6,""id"":""HKVKI2CBdFRDUM:"",""isu"":""ahmedamiruddin.wordpress.com"",""ity"":""jpeg"",""oh"":320,""ou"":""https://ahmedamiruddin.files.wordpress.com/2015/09/wpid-adyqz9npzptdf6zrhnitm6yzqp5b0g8okirn3onzi42uo4dtwi925_lanpyazkrtpo3fsgkrsckocrr8k5rvt5xxyqrkw9uw459-h320-nc.jpeg"",""ow"":459,""pt"":""Palmyra: Ruins that inspired the architecture of power | Sayyid A ..."",""rid"":""G1SVSEH4Vl2YuM"",""ru"":""https://ahmedamiruddin.wordpress.com/2015/09/03/palmyra-ruins-that-inspired-the-architecture-of-power/"",""s"":""A pre-Islam era statue of the Arab Queen Zaynab bint \u0026#39;Amr Ibn al-Arabi, in Latakia, Syria. Palmyra ..."",""th"":187,""tu"":""https://encrypted-tbn2.gstatic.com/images?q\u003dtbn:ANd9GcRNABh6ffJ9x2PFTAi2BfeO_MuAS0RZtlOEGIhzNSGhxipuVuL3Ag"",""tw"":269}","1441238400000"
"/imgres?imgurl=http://s.newsweek.com/sites/www.newsweek.com/files/2015/09/02/0902palmyra01.jpg&imgrefurl=http://www.newsweek.com/rip-khaled-al-asaad-martyr-palmyra-367876&h=2048&w=3072&tbnid=HAJO98JwWxnKnM:&docid=5M-7rB8vFFJVHM&ei=JSrwVtjgA8rr-QHi45OYCA&tbm=isch","3072 × 2048 - newsweek.com","","3072; 2048","https://encrypted-tbn2.gstatic.com/images?q=tbn:ANd9GcQ21vlNqoeWktFuchgv_5l_VmiT8Vxj60q32IkX5ql9OoltJLyy","Image result for palmyra","3072 × 2048 - newsweek.com","3072; 2048","{""cb"":6,""ct"":3,""id"":""HAJO98JwWxnKnM:"",""isu"":""newsweek.com"",""ity"":""jpg"",""oh"":2048,""ou"":""http://s.newsweek.com/sites/www.newsweek.com/files/2015/09/02/0902palmyra01.jpg"",""ow"":3072,""pt"":""RIP Khaled al-Asaad, Martyr of Palmyra"",""rid"":""5M-7rB8vFFJVHM"",""ru"":""http://www.newsweek.com/rip-khaled-al-asaad-martyr-palmyra-367876"",""s"":"""",""th"":183,""tu"":""https://encrypted-tbn2.gstatic.com/images?q\u003dtbn:ANd9GcQ21vlNqoeWktFuchgv_5l_VmiT8Vxj60q32IkX5ql9OoltJLyy"",""tw"":275}","1441152000000"
"/imgres?imgurl=http://l3.yimg.com/bt/api/res/1.2/a5QlD.KyrMwUiiT4r324tQ--/YXBwaWQ9eW5ld3NfbGVnbztxPTg1O3c9NjMw/http://media.zenfs.com/en_us/News/Reuters/2015-08-24T164043Z_1_LYNXNPEB7N0VO_RTROPTP_2_MIDEAST-CRISIS-SYRIA-PALMYRA.JPG&imgrefurl=http://news.yahoo.com/publishes-images-palmyra-temple-destruction-110617360.html&h=291&w=450&tbnid=4bgO04_c34m-PM:&docid=xCmzhjk0OHd37M&ei=JSrwVtjgA8rr-QHi45OYCA&tbm=isch","450 × 291 - news.yahoo.com","","450; 291","https://encrypted-tbn2.gstatic.com/images?q=tbn:ANd9GcR-nmQe9eSohMGJ9d9wjFuXOM_SKcPE8vXgZGaQe_bU0icK_P6Y","Image result for palmyra","450 × 291 - news.yahoo.com","450; 291","{""id"":""4bgO04_c34m-PM:"",""isu"":""news.yahoo.com"",""ity"":""jpg"",""oh"":291,""ou"":""http://l3.yimg.com/bt/api/res/1.2/a5QlD.KyrMwUiiT4r324tQ--/YXBwaWQ9eW5ld3NfbGVnbztxPTg1O3c9NjMw/http://media.zenfs.com/en_us/News/Reuters/2015-08-24T164043Z_1_LYNXNPEB7N0VO_RTROPTP_2_MIDEAST-CRISIS-SYRIA-PALMYRA.JPG"",""ow"":450,""pt"":""IS publishes images of Palmyra temple destruction - Yahoo News"",""rid"":""xCmzhjk0OHd37M"",""ru"":""http://news.yahoo.com/publishes-images-palmyra-temple-destruction-110617360.html"",""s"":""A general view shows the temple of Baal Shamin in the historical city of Palmyra,"",""th"":180,""tu"":""https://encrypted-tbn2.gstatic.com/images?q\u003dtbn:ANd9GcR-nmQe9eSohMGJ9d9wjFuXOM_SKcPE8vXgZGaQe_bU0icK_P6Y"",""tw"":279}","1440374400000"
"/imgres?imgurl=https://news-images.vice.com/images/articles/meta/2015/05/20/the-islamic-state-has-seized-control-of-palmyra-1432155934.jpg%253Fcrop%253D0.9259259259259259xw:1xh%253B0.04873294346978557xw,0xh%2526resize%253D700:*%2526output-format%253Dimage/jpeg%2526output-quality%253D75&imgrefurl=https://news.vice.com/article/looting-and-destruction-feared-as-islamic-state-seizes-syrias-ancient-city-of-palmyra&h=393&w=700&tbnid=aMmtvhszDLfT8M:&docid=eM0WJtVcIuOYVM&ei=JSrwVtjgA8rr-QHi45OYCA&tbm=isch","700 × 393 - news.vice.com","","700; 393","https://encrypted-tbn1.gstatic.com/images?q=tbn:ANd9GcQ0qHkBvAstedQK9ycigLT5b6yjPOkWLn-S7SAaA5RiAunCRN5mMg","Image result for palmyra","700 × 393 - news.vice.com","700; 393","{""ct"":18,""id"":""aMmtvhszDLfT8M:"",""isu"":""news.vice.com"",""ity"":""jpg"",""oh"":393,""ou"":""https://news-images.vice.com/images/articles/meta/2015/05/20/the-islamic-state-has-seized-control-of-palmyra-1432155934.jpg?crop\u003d0.9259259259259259xw:1xh;0.04873294346978557xw,0xh\u0026resize\u003d700:*\u0026output-format\u003dimage/jpeg\u0026output-quality\u003d75"",""ow"":700,""pt"":""Looting and Destruction Feared as Islamic State Seizes Syria\u0026#39;s ..."",""rid"":""eM0WJtVcIuOYVM"",""ru"":""https://news.vice.com/article/looting-and-destruction-feared-as-islamic-state-seizes-syrias-ancient-city-of-palmyra"",""s"":""Looting and Destruction Feared as Islamic State Seizes Syria\u0026#39;s Ancient City of Palmyra"",""th"":168,""tu"":""https://encrypted-tbn1.gstatic.com/images?q\u003dtbn:ANd9GcQ0qHkBvAstedQK9ycigLT5b6yjPOkWLn-S7SAaA5RiAunCRN5mMg"",""tw"":300}","1432080000000"
"/imgres?imgurl=http://i.dailymail.co.uk/i/pix/2015/09/10/13/2C255FA500000578-3229268-image-a-19_1441888220026.jpg&imgrefurl=http://www.dailymail.co.uk/news/article-3229268/Pictured-ISIS-destruction-2-000-year-old-temple-Palmyra-left-just-one-arch-standing.html&h=445&w=634&tbnid=rOt_cLjp4DyKTM:&docid=TKAXnbs14HkBcM&ei=JSrwVtjgA8rr-QHi45OYCA&tbm=isch","634 × 445 - dailymail.co.uk","","634; 445","https://encrypted-tbn3.gstatic.com/images?q=tbn:ANd9GcROZAeBdAHecGautujvT-ZK0jUgQgfh5Y30AubuAKDeo8fRc9FOZg","Image result for palmyra","634 × 445 - dailymail.co.uk","634; 445","{""id"":""rOt_cLjp4DyKTM:"",""isu"":""dailymail.co.uk"",""ity"":""jpg"",""oh"":445,""ou"":""http://i.dailymail.co.uk/i/pix/2015/09/10/13/2C255FA500000578-3229268-image-a-19_1441888220026.jpg"",""ow"":634,""pt"":""ISIS show off their destruction of 2,000-year-old temple at ..."",""rid"":""TKAXnbs14HkBcM"",""ru"":""http://www.dailymail.co.uk/news/article-3229268/Pictured-ISIS-destruction-2-000-year-old-temple-Palmyra-left-just-one-arch-standing.html"",""s"":""After: Just a single arch remains after ISIS filled the temple with explosives and razed"",""th"":188,""tu"":""https://encrypted-tbn3.gstatic.com/images?q\u003dtbn:ANd9GcROZAeBdAHecGautujvT-ZK0jUgQgfh5Y30AubuAKDeo8fRc9FOZg"",""tw"":268}","1441843200000"
"/imgres?imgurl=http://www.aljazeera.com/mritems/imagecache/mbdxxlarge/mritems/Images/2015/7/4/5a0311819c134ec2aa017208e5a122aa_18.jpg&imgrefurl=http://www.aljazeera.com/news/2015/07/isil-video-shows-mass-killings-syria-palmyra-150704171332644.html&h=450&w=800&tbnid=OVFjIrjBM0vQ-M:&docid=3BSDPlmBTihJgM&ei=JSrwVtjgA8rr-QHi45OYCA&tbm=isch","800 × 450 - aljazeera.com","","800; 450","https://encrypted-tbn3.gstatic.com/images?q=tbn:ANd9GcQX3_rIDLhb6TfF3_ag1uufN6MdA4EPtoWfVRY5Gm6EK8__OsGPkA","Image result for palmyra","800 × 450 - aljazeera.com","800; 450","{""cl"":3,""id"":""OVFjIrjBM0vQ-M:"",""isu"":""aljazeera.com"",""ity"":""jpg"",""oh"":450,""ou"":""http://www.aljazeera.com/mritems/imagecache/mbdxxlarge/mritems/Images/2015/7/4/5a0311819c134ec2aa017208e5a122aa_18.jpg"",""ow"":800,""pt"":""ISIL video shows mass killings in Syria\u0026#39;s Palmyra - Al Jazeera English"",""rid"":""3BSDPlmBTihJgM"",""ru"":""http://www.aljazeera.com/news/2015/07/isil-video-shows-mass-killings-syria-palmyra-150704171332644.html"",""s"":""The executions in the Palmyra amphitheatre were first reported on May 27 [Al Jazeera]"",""th"":168,""tu"":""https://encrypted-tbn3.gstatic.com/images?q\u003dtbn:ANd9GcQX3_rIDLhb6TfF3_ag1uufN6MdA4EPtoWfVRY5Gm6EK8__OsGPkA"",""tw"":300}","1435968000000"
"/imgres?imgurl=http://i.dailymail.co.uk/i/pix/2015/06/23/18/027C40010000044D-3136251-Islamic_State_has_reportedly_laid_mines_and_explosives_around_th-a-11_1435079073297.jpg&imgrefurl=http://www.dailymail.co.uk/news/article-3136251/ISIS-begin-destruction-Palmyra-Islamic-extremists-blow-two-mausoleums-ancient-Syrian-city-including-one-belonging-descendant-Prophet-Mohammed.html&h=415&w=634&tbnid=8PxMLuX23YeFoM:&docid=BJb9YnkIW_3aAM&ei=JSrwVtjgA8rr-QHi45OYCA&tbm=isch","634 × 415 - dailymail.co.uk","","634; 415","https://encrypted-tbn0.gstatic.com/images?q=tbn:ANd9GcTOfAKU9XmUD2CYNXiLjpAhvwfHA00wv-tPwmYi0zVTchmyWq_W","Image result for palmyra","634 × 415 - dailymail.co.uk","634; 415","{""ct"":15,""id"":""8PxMLuX23YeFoM:"",""isu"":""dailymail.co.uk"",""ity"":""jpg"",""oh"":415,""ou"":""http://i.dailymail.co.uk/i/pix/2015/06/23/18/027C40010000044D-3136251-Islamic_State_has_reportedly_laid_mines_and_explosives_around_th-a-11_1435079073297.jpg"",""ow"":634,""pt"":""ISIS begin the destruction of the ancient Syrian city of Palmyra ..."",""rid"":""BJb9YnkIW_3aAM"",""ru"":""http://www.dailymail.co.uk/news/article-3136251/ISIS-begin-destruction-Palmyra-Islamic-extremists-blow-two-mausoleums-ancient-Syrian-city-including-one-belonging-descendant-Prophet-Mohammed.html"",""s"":""Islamic State has reportedly laid mines and explosives around the ancient ruins of Palmyra in Syria"",""th"":182,""tu"":""https://encrypted-tbn0.gstatic.com/images?q\u003dtbn:ANd9GcTOfAKU9XmUD2CYNXiLjpAhvwfHA00wv-tPwmYi0zVTchmyWq_W"",""tw"":278}","1435017600000"
"/imgres?imgurl=http://america.aljazeera.com/content/dam/ajam/images/articles_2015/06/Palmyra_20150624.jpg&imgrefurl=http://america.aljazeera.com/articles/2015/8/23/isil-destroys-ancient-temple-in-syrias-palmyra.html&h=913&w=1460&tbnid=zoqEfuJkGlWzxM:&docid=gQPtGKuxqGBuyM&ei=JSrwVtjgA8rr-QHi45OYCA&tbm=isch","1460 × 913 - america.aljazeera.com","","1460; 913","https://encrypted-tbn0.gstatic.com/images?q=tbn:ANd9GcSDan_QofEQqjc5OOX6Ab80pG3s9BRUT-r3xI0JEMoB0BRVV-jU","Image result for palmyra","1460 × 913 - america.aljazeera.com","1460; 913","{""cl"":12,""id"":""zoqEfuJkGlWzxM:"",""isu"":""america.aljazeera.com"",""ity"":""jpg"",""oh"":913,""ou"":""http://america.aljazeera.com/content/dam/ajam/images/articles_2015/06/Palmyra_20150624.jpg"",""ow"":1460,""pt"":""ISIL Destroys Ancient Temple in Syria\u0026#39;s Palmyra | Al Jazeera America"",""rid"":""gQPtGKuxqGBuyM"",""ru"":""http://america.aljazeera.com/articles/2015/8/23/isil-destroys-ancient-temple-in-syrias-palmyra.html"",""s"":""Thumbnail image for ISIL destroys ancient shrines in Palmyra"",""th"":177,""tu"":""https://encrypted-tbn0.gstatic.com/images?q\u003dtbn:ANd9GcSDan_QofEQqjc5OOX6Ab80pG3s9BRUT-r3xI0JEMoB0BRVV-jU"",""tw"":284}","1440288000000"
"/imgres?imgurl=http://i.telegraph.co.uk/multimedia/archive/03303/Palmyra2_3303919b.jpg&imgrefurl=http://www.telegraph.co.uk/news/worldnews/islamic-state/11611500/We-must-save-Palmyra-or-the-maniacs-will-raze-civilisation.html&h=387&w=620&tbnid=Jm3HYTodNN7uzM:&docid=o2CgbjdpSEF9JM&ei=JSrwVtjgA8rr-QHi45OYCA&tbm=isch","620 × 387 - telegraph.co.uk","","620; 387","https://encrypted-tbn3.gstatic.com/images?q=tbn:ANd9GcSxAWgvyJmNAm6XV53Kmrzesvom4B_GJCtqVKj8kyHiGKk2KXVJ","Image result for palmyra","620 × 387 - telegraph.co.uk","620; 387","{""id"":""Jm3HYTodNN7uzM:"",""isu"":""telegraph.co.uk"",""ity"":""jpg"",""oh"":387,""ou"":""http://i.telegraph.co.uk/multimedia/archive/03303/Palmyra2_3303919b.jpg"",""ow"":620,""pt"":""Boris Johnson: Save Palmyra or the Islamic State maniacs will raze ..."",""rid"":""o2CgbjdpSEF9JM"",""ru"":""http://www.telegraph.co.uk/news/worldnews/islamic-state/11611500/We-must-save-Palmyra-or-the-maniacs-will-raze-civilisation.html"",""s"":""Syria\u0026#39;s UNESCO world heritage site of Palmyra is under threat from Islamic State fighters. The city was founded in the second millenium BC, ..."",""th"":177,""tu"":""https://encrypted-tbn3.gstatic.com/images?q\u003dtbn:ANd9GcSxAWgvyJmNAm6XV53Kmrzesvom4B_GJCtqVKj8kyHiGKk2KXVJ"",""tw"":284}",""
"/imgres?imgurl=http://media.gettyimages.com/photos/syria-palmyra-ancient-palmyra-unesco-world-heritage-list-1980-1st2nd-picture-id89163288&imgrefurl=http://www.gettyimages.com/galleries/events/palmyras-archeological-jewels-destroyed-by-is-583380583&h=680&w=1024&tbnid=34SSIPm2P12KTM:&docid=09tTJ590z8HRSM&ei=JSrwVtjgA8rr-QHi45OYCA&tbm=isch","1024 × 680 - gettyimages.com","","1024; 680","https://encrypted-tbn2.gstatic.com/images?q=tbn:ANd9GcSE8q10XFlZKFVLzNP-OA5_WaPZawoOiteYwz0mpa606YgV29Oz","Image result for palmyra","1024 × 680 - gettyimages.com","1024; 680","{""id"":""34SSIPm2P12KTM:"",""isu"":""gettyimages.com"",""ity"":"""",""oh"":680,""ou"":""http://media.gettyimages.com/photos/syria-palmyra-ancient-palmyra-unesco-world-heritage-list-1980-1st2nd-picture-id89163288"",""ow"":1024,""pt"":""Palmyra\u0026#39;s Archeological Jewels Destroyed By IS | Getty Images"",""rid"":""09tTJ590z8HRSM"",""ru"":""http://www.gettyimages.com/galleries/events/palmyras-archeological-jewels-destroyed-by-is-583380583"",""s"":""Ancient Palmyra. UNESCO World Heritage List, 1980. Necropolis,"",""th"":183,""tu"":""https://encrypted-tbn2.gstatic.com/images?q\u003dtbn:ANd9GcSE8q10XFlZKFVLzNP-OA5_WaPZawoOiteYwz0mpa606YgV29Oz"",""tw"":276}",""
"/imgres?imgurl=http://d1udmfvw0p7cd2.cloudfront.net/wp-content/uploads/2015/05/f-palmyra-b-20150522.jpg&imgrefurl=http://www.japantimes.co.jp/news/2015/05/21/world/syrian-forces-civilians-flee-islamic-state-storms-ancient-city-palmyra/&h=2436&w=3448&tbnid=j_PjHJuw2xEtTM:&docid=h1YIMFlm26MMoM&ei=JSrwVtjgA8rr-QHi45OYCA&tbm=isch","3448 × 2436 - japantimes.co.jp","","3448; 2436","https://encrypted-tbn3.gstatic.com/images?q=tbn:ANd9GcRqf0YA8qNKuxNEU2UF_uC-Amyy2I5SBd-5WH_SqfKR_02kushw","Image result for palmyra","3448 × 2436 - japantimes.co.jp","3448; 2436","{""cr"":6,""id"":""j_PjHJuw2xEtTM:"",""isu"":""japantimes.co.jp"",""ity"":""jpg"",""oh"":2436,""ou"":""http://d1udmfvw0p7cd2.cloudfront.net/wp-content/uploads/2015/05/f-palmyra-b-20150522.jpg"",""ow"":3448,""pt"":""Syrian forces, civilians flee as Islamic State storms ancient city ..."",""rid"":""h1YIMFlm26MMoM"",""ru"":""http://www.japantimes.co.jp/news/2015/05/21/world/syrian-forces-civilians-flee-islamic-state-storms-ancient-city-palmyra/"",""s"":""Keywords"",""th"":189,""tu"":""https://encrypted-tbn3.gstatic.com/images?q\u003dtbn:ANd9GcRqf0YA8qNKuxNEU2UF_uC-Amyy2I5SBd-5WH_SqfKR_02kushw"",""tw"":267}","1432166400000"
"/imgres?imgurl=http://i.telegraph.co.uk/multimedia/archive/03304/Palmyra_-_Bel_3304123b.jpg&imgrefurl=http://www.telegraph.co.uk/news/worldnews/middleeast/syria/11610213/Isil-fighting-shifts-closer-to-Roman-ruins-of-Palmyra.html&h=387&w=620&tbnid=q_6qD7UBCz--zM:&docid=BDCMGFoV6Ic7uM&ei=JSrwVtjgA8rr-QHi45OYCA&tbm=isch","620 × 387 - telegraph.co.uk","","620; 387","https://encrypted-tbn2.gstatic.com/images?q=tbn:ANd9GcQlDckLASMiN3b8RQ44pr6OzmReVulVI1vAQjiUU3djgFjvSJwY","Image result for palmyra","620 × 387 - telegraph.co.uk","620; 387","{""id"":""q_6qD7UBCz--zM:"",""isu"":""telegraph.co.uk"",""ity"":""jpg"",""oh"":387,""ou"":""http://i.telegraph.co.uk/multimedia/archive/03304/Palmyra_-_Bel_3304123b.jpg"",""ow"":620,""pt"":""Isil fighting shifts closer to Roman ruins of Palmyra - Telegraph"",""rid"":""BDCMGFoV6Ic7uM"",""ru"":""http://www.telegraph.co.uk/news/worldnews/middleeast/syria/11610213/Isil-fighting-shifts-closer-to-Roman-ruins-of-Palmyra.html"",""s"":""\u0026quot;What is the international community doing? Is it waiting to weep and despair as it did in northern Iraq?\u201d Syrian government antiquities chief Maamoun ..."",""th"":177,""tu"":""https://encrypted-tbn2.gstatic.com/images?q\u003dtbn:ANd9GcQlDckLASMiN3b8RQ44pr6OzmReVulVI1vAQjiUU3djgFjvSJwY"",""tw"":284}",""
"/imgres?imgurl=http://static.euronews.com/articles/312166/1200x630_312166_isil-destroy-ancient-temple-at-palmyra.jpg%253F1440380822&imgrefurl=http://www.euronews.com/2015/08/24/isil-destroy-ancient-temple-at-palmyra/&h=630&w=1200&tbnid=qlp8IqBw5YyShM:&docid=oETeHY2MCMj6HM&ei=JSrwVtjgA8rr-QHi45OYCA&tbm=isch","1200 × 630 - euronews.com","","1200; 630","https://encrypted-tbn0.gstatic.com/images?q=tbn:ANd9GcSC61YHHEvrc_q88DcS5dQilCdZCJCMTrrcYydOMRcW-7bIpCIp","Image result for palmyra","1200 × 630 - euronews.com","1200; 630","{""id"":""qlp8IqBw5YyShM:"",""isu"":""euronews.com"",""ity"":""jpg"",""oh"":630,""ou"":""http://static.euronews.com/articles/312166/1200x630_312166_isil-destroy-ancient-temple-at-palmyra.jpg?1440380822"",""ow"":1200,""pt"":""ISIL destroy ancient temple at Palmyra | euronews, world news"",""rid"":""oETeHY2MCMj6HM"",""ru"":""http://www.euronews.com/2015/08/24/isil-destroy-ancient-temple-at-palmyra/"",""s"":"""",""th"":163,""tu"":""https://encrypted-tbn0.gstatic.com/images?q\u003dtbn:ANd9GcSC61YHHEvrc_q88DcS5dQilCdZCJCMTrrcYydOMRcW-7bIpCIp"",""tw"":310}","1440374400000"
"/imgres?imgurl=http://shoebat.com/wp-content/uploads/2015/05/as3-copy.jpg&imgrefurl=http://shoebat.com/2015/05/21/isis-takes-another-major-biblical-city-palmyra-and-begins-the-slaughter-of-its-citizens-with-rows-of-people-beheaded/&h=1124&w=674&tbnid=CXEL3RFDhLaWWM:&docid=I-ZrC-KMjgslaM&ei=JSrwVtjgA8rr-QHi45OYCA&tbm=isch","674 × 1124 - shoebat.com","","674; 1124","https://encrypted-tbn3.gstatic.com/images?q=tbn:ANd9GcTKTz8u465Fep6GSNFO3y_qj4j2U3VcpCtuaD9PZO_KCbdP3rtH","Image result for palmyra","674 × 1124 - shoebat.com","674; 1124","{""id"":""CXEL3RFDhLaWWM:"",""isu"":""shoebat.com"",""ity"":""jpg"",""oh"":1124,""ou"":""http://shoebat.com/wp-content/uploads/2015/05/as3-copy.jpg"",""ow"":674,""pt"":""ISIS Takes Another Major Biblical City (Palmyra) And Begins The ..."",""rid"":""I-ZrC-KMjgslaM"",""ru"":""http://shoebat.com/2015/05/21/isis-takes-another-major-biblical-city-palmyra-and-begins-the-slaughter-of-its-citizens-with-rows-of-people-beheaded/"",""s"":""Photo of slaughter in Palmyra/Tadmor"",""th"":290,""tu"":""https://encrypted-tbn3.gstatic.com/images?q\u003dtbn:ANd9GcTKTz8u465Fep6GSNFO3y_qj4j2U3VcpCtuaD9PZO_KCbdP3rtH"",""tw"":174}","1432166400000"
"/imgres?imgurl=http://217.218.67.233/photo/20150525/b7223d43-76ac-4f65-8c86-ff2da511cf97.jpg&imgrefurl=http://www.presstv.com/Detail/2015/05/25/412836/battleforPalmyra-isil-syria&h=366&w=650&tbnid=BFdT82M1rK6ZPM:&docid=iGji5uJBP9-2EM&ei=JSrwVtjgA8rr-QHi45OYCA&tbm=isch","650 × 366 - presstv.com","","650; 366","https://encrypted-tbn3.gstatic.com/images?q=tbn:ANd9GcSALDZm8KXSbM54_qoMgcENqQJsABimsAOlhaH42bsGV39VtM39Aw","Image result for palmyra","650 × 366 - presstv.com","650; 366","{""id"":""BFdT82M1rK6ZPM:"",""isu"":""presstv.com"",""ity"":""jpg"",""oh"":366,""ou"":""http://217.218.67.233/photo/20150525/b7223d43-76ac-4f65-8c86-ff2da511cf97.jpg"",""ow"":650,""pt"":""PressTV-Syrian army starts battle for Palmyra"",""rid"":""iGji5uJBP9-2EM"",""ru"":""http://www.presstv.com/Detail/2015/05/25/412836/battleforPalmyra-isil-syria"",""s"":""An aerial view taken on January 13, 2009 shows a part of the ancient city"",""th"":168,""tu"":""https://encrypted-tbn3.gstatic.com/images?q\u003dtbn:ANd9GcSALDZm8KXSbM54_qoMgcENqQJsABimsAOlhaH42bsGV39VtM39Aw"",""tw"":299}","1432512000000; 1231804800000"
"/imgres?imgurl=http://3.bp.blogspot.com/-XczY4SHWI-s/VXc6gjZD6vI/AAAAAAAAL7A/vdFqw7lmZXU/s1600/1.jpg&imgrefurl=http://www.verbunkos.org/2015/06/in-occupied-palmyra-ii-looting-and.html&h=1066&w=1600&tbnid=aTuFLN83iNq6-M:&docid=Q1vpPwqSJpGHZM&ei=JSrwVtjgA8rr-QHi45OYCA&tbm=isch","1600 × 1066 - verbunkos.org","","1600; 1066","https://encrypted-tbn1.gstatic.com/images?q=tbn:ANd9GcTH1ZfdFyMoU3BSmI3qN1XAsmG8oZXrBDpDQqSLW3MxE9SXgwjvSA","Image result for palmyra","1600 × 1066 - verbunkos.org","1600; 1066","{""cl"":6,""cr"":6,""id"":""aTuFLN83iNq6-M:"",""isu"":""verbunkos.org"",""ity"":""jpg"",""oh"":1066,""ou"":""http://3.bp.blogspot.com/-XczY4SHWI-s/VXc6gjZD6vI/AAAAAAAAL7A/vdFqw7lmZXU/s1600/1.jpg"",""ow"":1600,""pt"":""In Occupied Palmyra \u2014 II (Looting and Collecting) | VERBUNKOS ..."",""rid"":""Q1vpPwqSJpGHZM"",""ru"":""http://www.verbunkos.org/2015/06/in-occupied-palmyra-ii-looting-and.html"",""s"":""In Occupied Palmyra \u2014 II (Looting and Collecting)"",""th"":183,""tu"":""https://encrypted-tbn1.gstatic.com/images?q\u003dtbn:ANd9GcTH1ZfdFyMoU3BSmI3qN1XAsmG8oZXrBDpDQqSLW3MxE9SXgwjvSA"",""tw"":275}",""
"/imgres?imgurl=http://1.bp.blogspot.com/-0NYaUdVIEZE/Ve7mVQ1pGtI/AAAAAAABavA/E2Sr27UDCpk/s1600/palmyra.jpg&imgrefurl=http://archaeologynewsnetwork.blogspot.com/2015/09/isis-blows-up-tower-tombs-in-syrias.html&h=912&w=1368&tbnid=cheoIPvQ80jTrM:&docid=nbru0TOhRvYHPM&ei=JSrwVtjgA8rr-QHi45OYCA&tbm=isch","1368 × 912 - archaeologynewsnetwork.blogspot.com","","1368; 912","https://encrypted-tbn0.gstatic.com/images?q=tbn:ANd9GcTvpoaT8AYZkZjd-mUnoFxN6xdpjrTgQWYHVgcxNI3iiFnOKXE1Jw","Image result for palmyra","1368 × 912 - archaeologynewsnetwork.blogspot.com","1368; 912","{""id"":""cheoIPvQ80jTrM:"",""isu"":""archaeologynewsnetwork.blogspot.com"",""ity"":""jpg"",""oh"":912,""ou"":""http://1.bp.blogspot.com/-0NYaUdVIEZE/Ve7mVQ1pGtI/AAAAAAABavA/E2Sr27UDCpk/s1600/palmyra.jpg"",""ow"":1368,""pt"":""The Archaeology News Network: ISIS blows up tower tombs in Syria\u0026#39;s ..."",""rid"":""nbru0TOhRvYHPM"",""ru"":""http://archaeologynewsnetwork.blogspot.com/2015/09/isis-blows-up-tower-tombs-in-syrias.html"",""s"":""ISIS blows up tower tombs in Syria\u0026#39;s Palmyra"",""th"":183,""tu"":""https://encrypted-tbn0.gstatic.com/images?q\u003dtbn:ANd9GcTvpoaT8AYZkZjd-mUnoFxN6xdpjrTgQWYHVgcxNI3iiFnOKXE1Jw"",""tw"":275}",""
"/imgres?imgurl=http://www.thetimes.co.uk/tto/multimedia/archive/00963/45a4a5c0-4a8d-11e5-_963859b.jpg&imgrefurl=http://www.thetimes.co.uk/tto/news/world/middleeast/article4537014.ece&h=520&w=780&tbnid=wc-yHijjL491vM:&docid=6T94_8aIfekroM&ei=JSrwVtjgA8rr-QHi45OYCA&tbm=isch","780 × 520 - thetimes.co.uk","","780; 520","https://encrypted-tbn2.gstatic.com/images?q=tbn:ANd9GcRH8E9rxnWPpiJqMRar58F5LGAeSGtgABW4fqV9d55LqI7W-RLr","Image result for palmyra","780 × 520 - thetimes.co.uk","780; 520","{""cb"":3,""id"":""wc-yHijjL491vM:"",""isu"":""thetimes.co.uk"",""ity"":""jpg"",""oh"":520,""ou"":""http://www.thetimes.co.uk/tto/multimedia/archive/00963/45a4a5c0-4a8d-11e5-_963859b.jpg"",""ow"":780,""pt"":""Isis starts destruction of Palmyra after seizing city secrets ..."",""rid"":""6T94_8aIfekroM"",""ru"":""http://www.thetimes.co.uk/tto/news/world/middleeast/article4537014.ece"",""s"":""Video still of Mass Killings in Palmyra Amphitheatre Islamic State"",""th"":183,""tu"":""https://encrypted-tbn2.gstatic.com/images?q\u003dtbn:ANd9GcRH8E9rxnWPpiJqMRar58F5LGAeSGtgABW4fqV9d55LqI7W-RLr"",""tw"":275}",""
"/imgres?imgurl=http://i.telegraph.co.uk/multimedia/archive/03312/palmyra-islamic-st_3312836b.jpg&imgrefurl=http://www.telegraph.co.uk/news/worldnews/big-question-kcl/11625512/Will-Isil-destroy-the-Palmyra-ruins.html&h=387&w=620&tbnid=av-nABS9O6nj6M:&docid=ybgN858ElB7OUM&ei=JSrwVtjgA8rr-QHi45OYCA&tbm=isch","620 × 387 - telegraph.co.uk","","620; 387","https://encrypted-tbn3.gstatic.com/images?q=tbn:ANd9GcR7fLZSbdlF2m40wCEmvVBky8d78Vc14LV8H5rrcq1IWax7kI0GdQ","Image result for palmyra","620 × 387 - telegraph.co.uk","620; 387","{""cb"":6,""cr"":3,""ct"":15,""id"":""av-nABS9O6nj6M:"",""isu"":""telegraph.co.uk"",""ity"":""jpg"",""oh"":387,""ou"":""http://i.telegraph.co.uk/multimedia/archive/03312/palmyra-islamic-st_3312836b.jpg"",""ow"":620,""pt"":""Will Isil destroy the Palmyra ruins? - Telegraph"",""rid"":""ybgN858ElB7OUM"",""ru"":""http://www.telegraph.co.uk/news/worldnews/big-question-kcl/11625512/Will-Isil-destroy-the-Palmyra-ruins.html"",""s"":""What we have learned about Islamic State after its victories in Ramadi and Palmyra"",""th"":177,""tu"":""https://encrypted-tbn3.gstatic.com/images?q\u003dtbn:ANd9GcR7fLZSbdlF2m40wCEmvVBky8d78Vc14LV8H5rrcq1IWax7kI0GdQ"",""tw"":284}",""
"/imgres?imgurl=http://i.dailymail.co.uk/i/pix/2015/07/04/17/2A3B4D7E00000578-0-image-a-2_1436028168010.jpg&imgrefurl=http://www.dailymail.co.uk/news/article-3149469/Slaughter-amphitheatre-ISIS-executioners-brutally-shoot-dead-25-Syrian-regime-soldiers-bloodthirsty-crowds-ancient-Palmyra-ruin.html&h=343&w=634&tbnid=Jd7opgKjQfOPKM:&docid=lqDbgUpa9xHxaM&ei=JSrwVtjgA8rr-QHi45OYCA&tbm=isch","634 × 343 - dailymail.co.uk","","634; 343","https://encrypted-tbn0.gstatic.com/images?q=tbn:ANd9GcT3XpDtwSoHqtRoIgxOu_U0dtPrE1OZdZmT-a1inveVjjGWwHiAUw","Image result for palmyra","634 × 343 - dailymail.co.uk","634; 343","{""id"":""Jd7opgKjQfOPKM:"",""isu"":""dailymail.co.uk"",""ity"":""jpg"",""oh"":343,""ou"":""http://i.dailymail.co.uk/i/pix/2015/07/04/17/2A3B4D7E00000578-0-image-a-2_1436028168010.jpg"",""ow"":634,""pt"":""ISIS executioners kill 25 Syrian regime soldiers in front of ..."",""rid"":""lqDbgUpa9xHxaM"",""ru"":""http://www.dailymail.co.uk/news/article-3149469/Slaughter-amphitheatre-ISIS-executioners-brutally-shoot-dead-25-Syrian-regime-soldiers-bloodthirsty-crowds-ancient-Palmyra-ruin.html"",""s"":""Stage set: ISIS lined the condemned regime soldiers up on the stage of the ancient"",""th"":165,""tu"":""https://encrypted-tbn0.gstatic.com/images?q\u003dtbn:ANd9GcT3XpDtwSoHqtRoIgxOu_U0dtPrE1OZdZmT-a1inveVjjGWwHiAUw"",""tw"":305}","1435968000000"
"/imgres?imgurl=http://www.middleeasteye.net/sites/default/files/Palmyra-JW18.jpg%253Fslideshow%253Dtrue%2526slideshowAuto%253Dfalse%2526slideshowSpeed%253D4000%2526speed%253D350%2526transition%253Delastic&imgrefurl=http://www.middleeasteye.net/multimedia/photo-galleries/palmyra-islamic-state-destruction-2142271312&h=1312&w=2000&tbnid=VVJpJ3B7tuD77M:&docid=3hafgTkQ3fKkdM&ei=JSrwVtjgA8rr-QHi45OYCA&tbm=isch","2000 × 1312 - middleeasteye.net","","2000; 1312","https://encrypted-tbn1.gstatic.com/images?q=tbn:ANd9GcSIKph1Q6FDF4hicx6Ryf_A6CJeLwf0KqQpbBHFzNZU1rV7YVyy","Image result for palmyra","2000 × 1312 - middleeasteye.net","2000; 1312","{""cr"":6,""id"":""VVJpJ3B7tuD77M:"",""isu"":""middleeasteye.net"",""ity"":""jpg"",""oh"":1312,""ou"":""http://www.middleeasteye.net/sites/default/files/Palmyra-JW18.jpg?slideshow\u003dtrue\u0026slideshowAuto\u003dfalse\u0026slideshowSpeed\u003d4000\u0026speed\u003d350\u0026transition\u003delastic"",""ow"":2000,""pt"":""IN PICTURES: Palmyra before Islamic State destruction | Middle ..."",""rid"":""3hafgTkQ3fKkdM"",""ru"":""http://www.middleeasteye.net/multimedia/photo-galleries/palmyra-islamic-state-destruction-2142271312"",""s"":""IN PICTURES: Palmyra before Islamic State destruction"",""th"":182,""tu"":""https://encrypted-tbn1.gstatic.com/images?q\u003dtbn:ANd9GcSIKph1Q6FDF4hicx6Ryf_A6CJeLwf0KqQpbBHFzNZU1rV7YVyy"",""tw"":277}",""
"/imgres?imgurl=http://i.telegraph.co.uk/multimedia/archive/03362/Palmyra-hammer_3362422b.jpg&imgrefurl=http://www.telegraph.co.uk/news/worldnews/islamic-state/11714448/Islamic-State-takes-sledgehammer-to-irreplaceable-ancient-Palmyra-ruins.html&h=387&w=620&tbnid=QI-C2HmfSnXwvM:&docid=R7aWl_g_kKu4tM&ei=JSrwVtjgA8rr-QHi45OYCA&tbm=isch","620 × 387 - telegraph.co.uk","","620; 387","https://encrypted-tbn2.gstatic.com/images?q=tbn:ANd9GcRdvF0MloYwiFT8COu_wurn58PzPy5Z-1jH_W8JTmy9IU05h85z","Image result for palmyra","620 × 387 - telegraph.co.uk","620; 387","{""id"":""QI-C2HmfSnXwvM:"",""isu"":""telegraph.co.uk"",""ity"":""jpg"",""oh"":387,""ou"":""http://i.telegraph.co.uk/multimedia/archive/03362/Palmyra-hammer_3362422b.jpg"",""ow"":620,""pt"":""Islamic State takes sledgehammer to \u0026#39;irreplaceable\u0026#39; ancient ..."",""rid"":""R7aWl_g_kKu4tM"",""ru"":""http://www.telegraph.co.uk/news/worldnews/islamic-state/11714448/Islamic-State-takes-sledgehammer-to-irreplaceable-ancient-Palmyra-ruins.html"",""s"":""ISIS militants use heavy duty sledgehammers to destroy the historic statues in front of a large"",""th"":177,""tu"":""https://encrypted-tbn2.gstatic.com/images?q\u003dtbn:ANd9GcRdvF0MloYwiFT8COu_wurn58PzPy5Z-1jH_W8JTmy9IU05h85z"",""tw"":284}",""
"/imgres?imgurl=http://i.telegraph.co.uk/multimedia/archive/03304/Palmyra_-_tanks_3304130k.jpg&imgrefurl=http://www.telegraph.co.uk/news/worldnews/islamic-state/11605358/Ancient-oasis-city-of-Palmyra-under-threat-from-Islamic-State-in-pictures.html?frame%3D3304130&h=536&w=858&tbnid=ooKNOL8ME3iCzM:&docid=tSzjcLgOxjgpaM&ei=JSrwVtjgA8rr-QHi45OYCA&tbm=isch","858 × 536 - telegraph.co.uk","","858; 536","https://encrypted-tbn1.gstatic.com/images?q=tbn:ANd9GcTZLN3fRvcPBfNgy072lHHzuhRIuDusLiaKgvGx7wd8eYYGvr3fow","Image result for palmyra","858 × 536 - telegraph.co.uk","858; 536","{""ct"":15,""id"":""ooKNOL8ME3iCzM:"",""isu"":""telegraph.co.uk"",""ity"":""jpg"",""oh"":536,""ou"":""http://i.telegraph.co.uk/multimedia/archive/03304/Palmyra_-_tanks_3304130k.jpg"",""ow"":858,""pt"":""Ancient oasis city of Palmyra under threat from Islamic State: in ..."",""rid"":""tSzjcLgOxjgpaM"",""ru"":""http://www.telegraph.co.uk/news/worldnews/islamic-state/11605358/Ancient-oasis-city-of-Palmyra-under-threat-from-Islamic-State-in-pictures.html?frame\u003d3304130"",""s"":""Tanks belonging to Syrian government forces are positioned near the Jazel oil field, near the ancient city of Palmyra in the east of Homs province after ..."",""th"":177,""tu"":""https://encrypted-tbn1.gstatic.com/images?q\u003dtbn:ANd9GcTZLN3fRvcPBfNgy072lHHzuhRIuDusLiaKgvGx7wd8eYYGvr3fow"",""tw"":284}",""
"/imgres?imgurl=http://i.telegraph.co.uk/multimedia/archive/03365/palmyra-isis-1_3365173b.jpg&imgrefurl=http://www.telegraph.co.uk/news/worldnews/islamic-state/11718341/Islamic-State-carry-out-mass-execution-inside-Palmyra-ruins.html&h=387&w=620&tbnid=u2o9CMx5HgJVGM:&docid=itGuA-SVydsInM&ei=JSrwVtjgA8rr-QHi45OYCA&tbm=isch","620 × 387 - telegraph.co.uk","","620; 387","https://encrypted-tbn1.gstatic.com/images?q=tbn:ANd9GcSwTyJldTzwJTkWUdHxXqwUVPmwva2kukLQmlIPu76XfvafEDIX","Image result for palmyra","620 × 387 - telegraph.co.uk","620; 387","{""id"":""u2o9CMx5HgJVGM:"",""isu"":""telegraph.co.uk"",""ity"":""jpg"",""oh"":387,""ou"":""http://i.telegraph.co.uk/multimedia/archive/03365/palmyra-isis-1_3365173b.jpg"",""ow"":620,""pt"":""Islamic State jihadists execute dozens amid Palmyra ruins - Telegraph"",""rid"":""itGuA-SVydsInM"",""ru"":""http://www.telegraph.co.uk/news/worldnews/islamic-state/11718341/Islamic-State-carry-out-mass-execution-inside-Palmyra-ruins.html"",""s"":""25 Syrian government soldiers kneel in the ancient amphitheatre in the city of Palmyra ahead of being executed by children (AFP/Getty)"",""th"":177,""tu"":""https://encrypted-tbn1.gstatic.com/images?q\u003dtbn:ANd9GcSwTyJldTzwJTkWUdHxXqwUVPmwva2kukLQmlIPu76XfvafEDIX"",""tw"":284}",""
"/imgres?imgurl=http://www.aljazeera.com/mritems/imagecache/mbdxxlarge/mritems/Images/2015/8/30/9f601298d941449097ce2c147eac41e4_18.jpg&imgrefurl=http://www.aljazeera.com/news/2015/08/isil-blows-part-bel-temple-syria-palmyra-150830195420900.html&h=450&w=800&tbnid=9YAByNI9cy9UWM:&docid=YbweXCaDc-kriM&ei=JSrwVtjgA8rr-QHi45OYCA&tbm=isch","800 × 450 - aljazeera.com","","800; 450","https://encrypted-tbn1.gstatic.com/images?q=tbn:ANd9GcT8VbExvLEr0tOaNZJoyUA3JyEhRw_ymvSdSDttIVnEntYHdA2PgQ","Image result for palmyra","800 × 450 - aljazeera.com","800; 450","{""id"":""9YAByNI9cy9UWM:"",""isu"":""aljazeera.com"",""ity"":""jpg"",""oh"":450,""ou"":""http://www.aljazeera.com/mritems/imagecache/mbdxxlarge/mritems/Images/2015/8/30/9f601298d941449097ce2c147eac41e4_18.jpg"",""ow"":800,""pt"":""ISIL blows up part of main temple in Syria\u0026#39;s Palmyra - Al Jazeera ..."",""rid"":""YbweXCaDc-kriM"",""ru"":""http://www.aljazeera.com/news/2015/08/isil-blows-part-bel-temple-syria-palmyra-150830195420900.html"",""s"":""The Temple of Bel was regarded as one of the most significant structures in Palmyra [Reuters]"",""th"":168,""tu"":""https://encrypted-tbn1.gstatic.com/images?q\u003dtbn:ANd9GcT8VbExvLEr0tOaNZJoyUA3JyEhRw_ymvSdSDttIVnEntYHdA2PgQ"",""tw"":300}","1440892800000"
"/imgres?imgurl=http://cdn3.img.sputniknews.com/images/103168/66/1031686604.jpg&imgrefurl=http://sputniknews.com/middleeast/20151213/1031687078/syria-russian-planes-isis-palmyra.html&h=2846&w=4272&tbnid=_lnX1o7gEfu3lM:&docid=4LwCVY_WkTn9BM&ei=JSrwVtjgA8rr-QHi45OYCA&tbm=isch","4272 × 2846 - sputniknews.com","","4272; 2846","https://encrypted-tbn3.gstatic.com/images?q=tbn:ANd9GcQQSj-POcu_kD46BzZNDqCx-qd6alJSypjBNME9lfVgMEvRQxYD","Image result for palmyra","4272 × 2846 - sputniknews.com","4272; 2846","{""cr"":3,""ct"":12,""id"":""_lnX1o7gEfu3lM:"",""isu"":""sputniknews.com"",""ity"":""jpg"",""oh"":2846,""ou"":""http://cdn3.img.sputniknews.com/images/103168/66/1031686604.jpg"",""ow"":4272,""pt"":""Hope for Iconic City: Syrian Army Moves Closer to Palmyra"",""rid"":""4LwCVY_WkTn9BM"",""ru"":""http://sputniknews.com/middleeast/20151213/1031687078/syria-russian-planes-isis-palmyra.html"",""s"":""Palmyra, Temple of Bel"",""th"":183,""tu"":""https://encrypted-tbn3.gstatic.com/images?q\u003dtbn:ANd9GcQQSj-POcu_kD46BzZNDqCx-qd6alJSypjBNME9lfVgMEvRQxYD"",""tw"":275}",""
"/imgres?imgurl=https://themuslimissue.files.wordpress.com/2015/05/aerial-view-of-the-theatre-at-palmyra.jpg&imgrefurl=https://themuslimissue.wordpress.com/2015/05/28/is-beheads-20-people-in-palmyra-roman-amphitheatre/&h=498&w=750&tbnid=0Xb_3bPwkuMOuM:&docid=BDH4k4oZaM4fdM&ei=JSrwVtjgA8rr-QHi45OYCA&tbm=isch","750 × 498 - themuslimissue.wordpress.com","","750; 498","https://encrypted-tbn3.gstatic.com/images?q=tbn:ANd9GcTWoyFH9iS0nDXWDIk_jJO6dmTjjjPBVO2ASd_P-Z4zMLE8XRPK","Image result for palmyra","750 × 498 - themuslimissue.wordpress.com","750; 498","{""cb"":3,""id"":""0Xb_3bPwkuMOuM:"",""isu"":""themuslimissue.wordpress.com"",""ity"":""jpg"",""oh"":498,""ou"":""https://themuslimissue.files.wordpress.com/2015/05/aerial-view-of-the-theatre-at-palmyra.jpg"",""ow"":750,""pt"":""IS beheads 20 people in Palmyra Roman amphitheatre | The Muslim Issue"",""rid"":""BDH4k4oZaM4fdM"",""ru"":""https://themuslimissue.wordpress.com/2015/05/28/is-beheads-20-people-in-palmyra-roman-amphitheatre/"",""s"":"""",""th"":183,""tu"":""https://encrypted-tbn3.gstatic.com/images?q\u003dtbn:ANd9GcTWoyFH9iS0nDXWDIk_jJO6dmTjjjPBVO2ASd_P-Z4zMLE8XRPK"",""tw"":276}","1432771200000"
"/imgres?imgurl=http://www.apollo-magazine.com/content/uploads/2015/05/Palmyra_view_from_Qalaat_Ibn_Maan_Temple_of_Bel_and_colonnaded_axis.jpg&imgrefurl=http://www.apollo-magazine.com/why-does-palmyra-matter/&h=533&w=800&tbnid=qFD0Osk8lcYBkM:&docid=jroZnM3TAiRZ0M&ei=JSrwVtjgA8rr-QHi45OYCA&tbm=isch","800 × 533 - apollo-magazine.com","","800; 533","https://encrypted-tbn0.gstatic.com/images?q=tbn:ANd9GcQaK3vPb6i6oGKanXVSUCb8G7DFmKf-BKIF9JHn8GZwofT95HWq","Image result for palmyra","800 × 533 - apollo-magazine.com","800; 533","{""cb"":21,""id"":""qFD0Osk8lcYBkM:"",""isu"":""apollo-magazine.com"",""ity"":""jpg"",""oh"":533,""ou"":""http://www.apollo-magazine.com/content/uploads/2015/05/Palmyra_view_from_Qalaat_Ibn_Maan_Temple_of_Bel_and_colonnaded_axis.jpg"",""ow"":800,""pt"":""Why does Palmyra matter? - Apollo Magazine"",""rid"":""jroZnM3TAiRZ0M"",""ru"":""http://www.apollo-magazine.com/why-does-palmyra-matter/"",""s"":""Palmyra, Syria."",""th"":183,""tu"":""https://encrypted-tbn0.gstatic.com/images?q\u003dtbn:ANd9GcQaK3vPb6i6oGKanXVSUCb8G7DFmKf-BKIF9JHn8GZwofT95HWq"",""tw"":275}",""
"/imgres?imgurl=https://media.zenfs.com/en_us/gma/us.abcnews.gma.com/ap_palmyra_theater_jc_150824_16x9_992.jpg&imgrefurl=https://gma.yahoo.com/isis-destroys-another-ancient-landmark-going-lose-palmyra-140243951--abc-news-topstories.html&h=558&w=992&tbnid=CM5q_WEbJK0mhM:&docid=w_j_bSa7w6_YgM&ei=JSrwVtjgA8rr-QHi45OYCA&tbm=isch","992 × 558 - gma.yahoo.com","","992; 558","https://encrypted-tbn2.gstatic.com/images?q=tbn:ANd9GcQGflzBGF6LKChXpLO6LL8xBWwVB2dKHcmqxB5xyzmhzlqFJfNp","Image result for palmyra","992 × 558 - gma.yahoo.com","992; 558","{""id"":""CM5q_WEbJK0mhM:"",""isu"":""gma.yahoo.com"",""ity"":""jpg"",""oh"":558,""ou"":""https://media.zenfs.com/en_us/gma/us.abcnews.gma.com/ap_palmyra_theater_jc_150824_16x9_992.jpg"",""ow"":992,""pt"":""ISIS Destroys Another Ancient Landmark: \u0026#39;We\u0026#39;re Going to Lose ..."",""rid"":""w_j_bSa7w6_YgM"",""ru"":""https://gma.yahoo.com/isis-destroys-another-ancient-landmark-going-lose-palmyra-140243951--abc-news-topstories.html"",""s"":""ISIS Destroys Another Ancient Landmark: \u0026#39;We\u0026#39;re Going to Lose Palmyra,\u0026#39; Syrian Director Says - Yahoo"",""th"":168,""tu"":""https://encrypted-tbn2.gstatic.com/images?q\u003dtbn:ANd9GcQGflzBGF6LKChXpLO6LL8xBWwVB2dKHcmqxB5xyzmhzlqFJfNp"",""tw"":300}",""
"/imgres?imgurl=http://ichef.bbci.co.uk/news/624/media/images/83137000/jpg/_83137964_antoine.frangie1.jpg&imgrefurl=http://www.bbc.com/news/in-pictures-32824052&h=551&w=624&tbnid=6HcxfjY-99wZ6M:&docid=da3F0aJ59O3n6M&ei=JSrwVtjgA8rr-QHi45OYCA&tbm=isch","624 × 551 - bbc.com","","624; 551","https://encrypted-tbn1.gstatic.com/images?q=tbn:ANd9GcSBQaXedto7fADWPFo6Ofl5hOYJkXltyva0RMjBn8rQjxYa0YwZ","Image result for palmyra","624 × 551 - bbc.com","624; 551","{""id"":""6HcxfjY-99wZ6M:"",""isu"":""bbc.com"",""ity"":""jpg"",""oh"":551,""ou"":""http://ichef.bbci.co.uk/news/624/media/images/83137000/jpg/_83137964_antoine.frangie1.jpg"",""ow"":624,""pt"":""Palmyra in pictures: A Syrian site under threat - BBC News"",""rid"":""da3F0aJ59O3n6M"",""ru"":""http://www.bbc.com/news/in-pictures-32824052"",""s"":""Family in Palmyra"",""th"":211,""tu"":""https://encrypted-tbn1.gstatic.com/images?q\u003dtbn:ANd9GcSBQaXedto7fADWPFo6Ofl5hOYJkXltyva0RMjBn8rQjxYa0YwZ"",""tw"":239}",""
"/imgres?imgurl=http://rack.3.mshcdn.com/media/ZgkyMDE1LzA1LzI4LzBjL1BhbG15cmFBbXBoLjY3M2I0LmpwZwpwCXRodW1iCTk1MHg1MzQjCmUJanBn/2fb66f4d/d3f/Palmyra-Amphitheater.jpg&imgrefurl=http://mashable.com/2015/05/28/isis-in-palmyra-amphitheater/&h=534&w=950&tbnid=hBesZyDU__z2WM:&docid=GrFc88JWnSIYNM&ei=JSrwVtjgA8rr-QHi45OYCA&tbm=isch","950 × 534 - mashable.com","","950; 534","https://encrypted-tbn0.gstatic.com/images?q=tbn:ANd9GcQ72cICjpdtdQavuu-dZ7ZEd_WOQ5uVFtbt-ytcahnEGUU47P6E","Image result for palmyra","950 × 534 - mashable.com","950; 534","{""id"":""hBesZyDU__z2WM:"",""isu"":""mashable.com"",""ity"":""jpg"",""oh"":534,""ou"":""http://rack.3.mshcdn.com/media/ZgkyMDE1LzA1LzI4LzBjL1BhbG15cmFBbXBoLjY3M2I0LmpwZwpwCXRodW1iCTk1MHg1MzQjCmUJanBn/2fb66f4d/d3f/Palmyra-Amphitheater.jpg"",""ow"":950,""pt"":""Instead of destroying it, ISIS is using Palmyra\u0026#39;s ancient ..."",""rid"":""GrFc88JWnSIYNM"",""ru"":""http://mashable.com/2015/05/28/isis-in-palmyra-amphitheater/"",""s"":""Instead of destroying it, ISIS is using Palmyra\u0026#39;s ancient amphitheater as an execution site"",""th"":168,""tu"":""https://encrypted-tbn0.gstatic.com/images?q\u003dtbn:ANd9GcQ72cICjpdtdQavuu-dZ7ZEd_WOQ5uVFtbt-ytcahnEGUU47P6E"",""tw"":300}","1432771200000"
"/imgres?imgurl=https://www.middleeastmonitor.com/images/article_images/middle-east/temple-of-baalshamin-in-palmyra-syria.jpg&imgrefurl=https://www.middleeastmonitor.com/articles/middle-east/19351-palmyra-is-burning&h=800&w=1200&tbnid=A3-YgcUGPFFjqM:&docid=_zAgBf7zK74LeM&ei=JSrwVtjgA8rr-QHi45OYCA&tbm=isch","1200 × 800 - middleeastmonitor.com","","1200; 800","https://encrypted-tbn0.gstatic.com/images?q=tbn:ANd9GcSHI5WXvXtEjXhyPQjHvrnw8BsG5y5P7sVlhCv5uf-SHOXlpq1a","Image result for palmyra","1200 × 800 - middleeastmonitor.com","1200; 800","{""cr"":6,""ct"":6,""id"":""A3-YgcUGPFFjqM:"",""isu"":""middleeastmonitor.com"",""ity"":""jpg"",""oh"":800,""ou"":""https://www.middleeastmonitor.com/images/article_images/middle-east/temple-of-baalshamin-in-palmyra-syria.jpg"",""ow"":1200,""pt"":""Palmyra is burning"",""rid"":""_zAgBf7zK74LeM"",""ru"":""https://www.middleeastmonitor.com/articles/middle-east/19351-palmyra-is-burning"",""s"":"""",""th"":183,""tu"":""https://encrypted-tbn0.gstatic.com/images?q\u003dtbn:ANd9GcSHI5WXvXtEjXhyPQjHvrnw8BsG5y5P7sVlhCv5uf-SHOXlpq1a"",""tw"":275}",""
"/imgres?imgurl=http://static.independent.co.uk/s3fs-public/thumbnails/image/2015/09/01/17/palmyra-ap.jpg&imgrefurl=http://www.independent.co.uk/news/world/middle-east/palmyra-hidden-video-camera-shows-devastation-wreaked-by-isis-as-ancient-ruins-torn-down-a6895311.html&h=1536&w=2048&tbnid=mabek7v1gQR8xM:&docid=_Nih7emb7z9akM&ei=JSrwVtjgA8rr-QHi45OYCA&tbm=isch","2048 × 1536 - independent.co.uk","","2048; 1536","https://encrypted-tbn2.gstatic.com/images?q=tbn:ANd9GcTm-9NuOFx45yIE83XNMP9JxI2N9p_UlKIdz28azkGUlEOf2Z1q","Image result for palmyra","2048 × 1536 - independent.co.uk","2048; 1536","{""cl"":3,""id"":""mabek7v1gQR8xM:"",""isu"":""independent.co.uk"",""ity"":""jpg"",""oh"":1536,""ou"":""http://static.independent.co.uk/s3fs-public/thumbnails/image/2015/09/01/17/palmyra-ap.jpg"",""ow"":2048,""pt"":""Palmyra: Hidden video camera shows devastation wreaked by Isis as ..."",""rid"":""_Nih7emb7z9akM"",""ru"":""http://www.independent.co.uk/news/world/middle-east/palmyra-hidden-video-camera-shows-devastation-wreaked-by-isis-as-ancient-ruins-torn-down-a6895311.html"",""s"":""Khaled al-Asaad: The martyr of Palmyra"",""th"":194,""tu"":""https://encrypted-tbn2.gstatic.com/images?q\u003dtbn:ANd9GcTm-9NuOFx45yIE83XNMP9JxI2N9p_UlKIdz28azkGUlEOf2Z1q"",""tw"":259}","1441065600000"
"/imgres?imgurl=http://www.un.org/News/dh/photos/large/2015/May/05-14-2015Palmyra.jpg&imgrefurl=http://www.un.org/apps/news/story.asp?NewsID%3D50864&h=683&w=1024&tbnid=3-06HVDqhOQw_M:&docid=2iMDx7GAJfNMlM&ei=JSrwVtjgA8rr-QHi45OYCA&tbm=isch","1024 × 683 - un.org","","1024; 683","https://encrypted-tbn2.gstatic.com/images?q=tbn:ANd9GcRQgXJfFOto49gg8yQOZVNInh7JtTgRpv2N8rcGh0ePYrc52CEkmg","Image result for palmyra","1024 × 683 - un.org","1024; 683","{""id"":""3-06HVDqhOQw_M:"",""isu"":""un.org"",""ity"":""jpg"",""oh"":683,""ou"":""http://www.un.org/News/dh/photos/large/2015/May/05-14-2015Palmyra.jpg"",""ow"":1024,""pt"":""United Nations News Centre - UNESCO chief urges international ..."",""rid"":""2iMDx7GAJfNMlM"",""ru"":""http://www.un.org/apps/news/story.asp?NewsID\u003d50864"",""s"":""United Nations News Centre - UNESCO chief urges international action as fighting threatens Syria\u0026#39;s iconic Palmyra archaeological site"",""th"":183,""tu"":""https://encrypted-tbn2.gstatic.com/images?q\u003dtbn:ANd9GcRQgXJfFOto49gg8yQOZVNInh7JtTgRpv2N8rcGh0ePYrc52CEkmg"",""tw"":275}",""
"/imgres?imgurl=http://www.jpost.com/HttpHandlers/ShowImage.ashx%253FID%253D303848&imgrefurl=http://www.jpost.com/Middle-East/ISIS-Threat/ISIS-militants-blow-up-ancient-Arch-of-Triumph-in-Palmyra-419955&h=530&w=758&tbnid=ZCNYVdJnXTuyKM:&docid=06E3SirNctK99M&ei=JSrwVtjgA8rr-QHi45OYCA&tbm=isch","758 × 530 - jpost.com","","758; 530","https://encrypted-tbn0.gstatic.com/images?q=tbn:ANd9GcROE2ilbqumlSfeXzvvb-IN9o4Fic5alyybdvKPrw06HcXsMxNF","Image result for palmyra","758 × 530 - jpost.com","758; 530","{""cb"":6,""cr"":6,""ct"":3,""id"":""ZCNYVdJnXTuyKM:"",""isu"":""jpost.com"",""ity"":""ashx"",""oh"":530,""ou"":""http://www.jpost.com/HttpHandlers/ShowImage.ashx?ID\u003d303848"",""ow"":758,""pt"":""ISIS militants blow up ancient Arch of Triumph in Palmyra ..."",""rid"":""06E3SirNctK99M"",""ru"":""http://www.jpost.com/Middle-East/ISIS-Threat/ISIS-militants-blow-up-ancient-Arch-of-Triumph-in-Palmyra-419955"",""s"":""Arch of Triumph, Palmyra, Syria"",""th"":188,""tu"":""https://encrypted-tbn0.gstatic.com/images?q\u003dtbn:ANd9GcROE2ilbqumlSfeXzvvb-IN9o4Fic5alyybdvKPrw06HcXsMxNF"",""tw"":269}",""
"/imgres?imgurl=http://ichef-1.bbci.co.uk/news/976/cpsprodpb/CC4D/production/_85910325_palmyra976.jpg&imgrefurl=http://www.bbc.com/news/world-middle-east-34294287&h=400&w=976&tbnid=JEshIdhxEBPMCM:&docid=QjjxnnZ_EWrVsM&ei=JSrwVtjgA8rr-QHi45OYCA&tbm=isch","976 × 400 - bbc.com","","976; 400","https://encrypted-tbn1.gstatic.com/images?q=tbn:ANd9GcRA1YxvP9JaBz5vpjmLsQI99Udt1Dupyyy0BzPhZ5saii9kUtnv","Image result for palmyra","976 × 400 - bbc.com","976; 400","{""id"":""JEshIdhxEBPMCM:"",""isu"":""bbc.com"",""ity"":""jpg"",""oh"":400,""ou"":""http://ichef-1.bbci.co.uk/news/976/cpsprodpb/CC4D/production/_85910325_palmyra976.jpg"",""ow"":976,""pt"":""Palmyra: Islamic State\u0026#39;s demolition in the desert - BBC News"",""rid"":""QjjxnnZ_EWrVsM"",""ru"":""http://www.bbc.com/news/world-middle-east-34294287"",""s"":""Palmyra"",""th"":144,""tu"":""https://encrypted-tbn1.gstatic.com/images?q\u003dtbn:ANd9GcRA1YxvP9JaBz5vpjmLsQI99Udt1Dupyyy0BzPhZ5saii9kUtnv"",""tw"":351}",""